title,body_part,difficulty,equipment,image1,image2,body_part__Abs,body_part__Arms,body_part__Back,body_part__Butt/Hips,body_part__Chest,body_part__Full Body/Integrated,body_part__Legs - Calves and Shins,body_part__Legs - Thighs,body_part__Neck,body_part__Shoulders,equipment__BOSU Trainer,equipment__Barbell,equipment__Bench,equipment__Cones,equipment__Dumbbells,equipment__Heavy Ropes,equipment__Hurdles,equipment__Kettlebells,equipment__Ladder,equipment__Medicine Ball,equipment__No Equipment,equipment__Pull up bar,equipment__Raised Platform/Box,equipment__Resistance Bands/Cables,equipment__Stability Ball,equipment__TRX,equipment__Weight Machines / Selectorized
Triceps Pressdown,['Arms'],Beginner,['Resistance Bands/Cables'],TricepsPressdown_3-1.jpg,TricepsPressdown_3-2.jpg,False,True,False,False,False,False,False,False,False,False,False,False,False,False,False,False,False,False,False,False,False,False,False,True,False,False,False
Chest Press,"['Arms', 'Chest', 'Shoulders']",Beginner,"['Barbell', 'Bench']",ChestPress_3-1.jpg,ChestPress_3-2.jpg,False,True,False,False,True,False,False,False,False,True,False,True,True,False,False,False,False,False,False,False,False,False,False,False,False,False,False
Supine Pelvic Tilts,['Abs'],Beginner,['No Equipment'],SupinePelvicTilts_3-1.jpg,SupinePelvicTilts_3-2.jpg,True,False,False,False,False,False,False,False,False,False,False,False,False,False,False,False,False,False,False,False,True,False,False,False,False,False,False
Supermans,"['Back', 'Butt/Hips', 'Shoulders']",Beginner,['No Equipment'],Supermans_3-1.jpg,Supermans_3-2.jpg,False,False,True,True,False,False,False,False,False,True,False,False,False,False,False,False,False,False,False,False,True,False,False,False,False,False,False
Bent Knee Push-up,"['Arms', 'Chest', 'Shoulders']",Beginner,['No Equipment'],BentKneePush-up_3-1.jpg,BentKneePush-up_3-2.jpg,False,True,False,False,True,False,False,False,False,True,False,False,False,False,False,False,False,False,False,False,True,False,False,False,False,False,False
Cat-Cow,"['Back', 'Chest']",Beginner,['No Equipment'],Cat-Cow_3-1.jpg,Cat-Cow_3-2.jpg,False,False,True,False,True,False,False,False,False,False,False,False,False,False,False,False,False,False,False,False,True,False,False,False,False,False,False
Cobra Exercise,"['Abs', 'Back']",Beginner,['No Equipment'],CobraExercise_3-1.jpg,CobraExercise_3-2.jpg,True,False,True,False,False,False,False,False,False,False,False,False,False,False,False,False,False,False,False,False,True,False,False,False,False,False,False
Ankle Flexion ,['Legs - Calves and Shins'],Beginner,['Resistance Bands/Cables'],AnkleFlexion_3-1.jpg,AnkleFlexion_3-2.jpg,False,False,False,False,False,False,True,False,False,False,False,False,False,False,False,False,False,False,False,False,False,False,False,True,False,False,False
Incline Chest Press,"['Chest', 'Shoulders']",Beginner,"['Bench', 'Dumbbells']",InclineChestPress_3-1.jpg,InclineChestPress_3-2.jpg,False,False,False,False,True,False,False,False,False,True,False,False,True,False,True,False,False,False,False,False,False,False,False,False,False,False,False
Lateral Raise,['Shoulders'],Beginner,['Dumbbells'],LateralRaise_3-1.jpg,LateralRaise_3-2.jpg,False,False,False,False,False,False,False,False,False,True,False,False,False,False,True,False,False,False,False,False,False,False,False,False,False,False,False
Step-up,"['Butt/Hips', 'Legs - Thighs']",Beginner,"['Dumbbells', 'Raised Platform/Box']",Step-up_3-1.jpg,Step-up_3-2.jpg,False,False,False,True,False,False,False,True,False,False,False,False,False,False,True,False,False,False,False,False,False,False,True,False,False,False,False
Wrist Curl - Extension,['Arms'],Beginner,"['Bench', 'Dumbbells']",WristCurl-Extension_3-1.jpg,WristCurl-Extension_3-2.jpg,False,True,False,False,False,False,False,False,False,False,False,False,True,False,True,False,False,False,False,False,False,False,False,False,False,False,False
Wrist Curl - Flexion,['Arms'],Beginner,"['Bench', 'Dumbbells']",WristCurl-Flexion_30-1.jpg,WristCurl-Flexion_30-2.jpg,False,True,False,False,False,False,False,False,False,False,False,False,True,False,True,False,False,False,False,False,False,False,False,False,False,False,False
Wrist Supination & Pronation Exercises,['Arms'],Beginner,"['Bench', 'Dumbbells']",WristSupination&PronationExercises_30-1.jpg,WristSupination&PronationExercises_30-2.jpg,False,True,False,False,False,False,False,False,False,False,False,False,True,False,True,False,False,False,False,False,False,False,False,False,False,False,False
Hip Hinge,"['Butt/Hips', 'Legs - Thighs']",Beginner,['Barbell'],HipHinge_30-1.jpg,HipHinge_30-2.jpg,False,False,False,True,False,False,False,True,False,False,False,True,False,False,False,False,False,False,False,False,False,False,False,False,False,False,False
Incline Reverse Fly,"['Back', 'Shoulders']",Beginner,"['Bench', 'Dumbbells']",InclineReverseFly_30-1.jpg,InclineReverseFly_30-2.jpg,False,False,True,False,False,False,False,False,False,True,False,False,True,False,True,False,False,False,False,False,False,False,False,False,False,False,False
Side Lying Hip Abduction,['Butt/Hips'],Beginner,['No Equipment'],SideLyingHipAbduction_30-1.jpg,SideLyingHipAbduction_30-2.jpg,False,False,False,True,False,False,False,False,False,False,False,False,False,False,False,False,False,False,False,False,True,False,False,False,False,False,False
Side Lying Hip Adduction,"['Butt/Hips', 'Legs - Thighs']",Beginner,['No Equipment'],SideLyingHipAdduction_30-1.jpg,SideLyingHipAdduction_30-2.jpg,False,False,False,True,False,False,False,True,False,False,False,False,False,False,False,False,False,False,False,False,True,False,False,False,False,False,False
Seated Biceps Curl,['Arms'],Beginner,"['Bench', 'Dumbbells']",SeatedBicepsCurl_30-1.jpg,SeatedBicepsCurl_30-2.jpg,False,True,False,False,False,False,False,False,False,False,False,False,True,False,True,False,False,False,False,False,False,False,False,False,False,False,False
Seated High Back Row ,"['Arms', 'Back', 'Shoulders']",Beginner,"['Bench', 'Resistance Bands/Cables']",SeatedHighBackRow_30-1.jpg,SeatedHighBackRow_30-2.jpg,False,True,True,False,False,False,False,False,False,True,False,False,True,False,False,False,False,False,False,False,False,False,False,True,False,False,False
Seated Medicine Ball Trunk Rotations,['Abs'],Beginner,['Medicine Ball'],SeatedMedicineBallTrunkRotations_30-1.jpg,SeatedMedicineBallTrunkRotations_30-2.jpg,True,False,False,False,False,False,False,False,False,False,False,False,False,False,False,False,False,False,False,True,False,False,False,False,False,False,False
Seated Row ,"['Arms', 'Back']",Beginner,['Resistance Bands/Cables'],SeatedRow_30-1.jpg,SeatedRow_30-2.jpg,False,True,True,False,False,False,False,False,False,False,False,False,False,False,False,False,False,False,False,False,False,False,False,True,False,False,False
Glute Bridge Exercise,"['Abs', 'Butt/Hips']",Beginner,['No Equipment'],GluteBridgeExercise_30-1.jpg,GluteBridgeExercise_30-2.jpg,True,False,False,True,False,False,False,False,False,False,False,False,False,False,False,False,False,False,False,False,True,False,False,False,False,False,False
Crunch,['Abs'],Beginner,['No Equipment'],Crunch_30-1.jpg,Crunch_30-2.jpg,True,False,False,False,False,False,False,False,False,False,False,False,False,False,False,False,False,False,False,False,True,False,False,False,False,False,False
Contralateral Limb Raises,"['Back', 'Butt/Hips', 'Shoulders']",Beginner,['No Equipment'],ContralateralLimbRaises_53-1.jpg,ContralateralLimbRaises_53-2.jpg,False,False,True,True,False,False,False,False,False,True,False,False,False,False,False,False,False,False,False,False,True,False,False,False,False,False,False
Front Raise,['Shoulders'],Beginner,['Dumbbells'],FrontRaise_53-1.jpg,FrontRaise_53-2.jpg,False,False,False,False,False,False,False,False,False,True,False,False,False,False,True,False,False,False,False,False,False,False,False,False,False,False,False
Triceps Kickback,['Arms'],Beginner,['Dumbbells'],TricepsKickback_53-1.jpg,TricepsKickback_53-2.jpg,False,True,False,False,False,False,False,False,False,False,False,False,False,False,True,False,False,False,False,False,False,False,False,False,False,False,False
Stability Ball Sit-ups / Crunches,['Abs'],Beginner,['Stability Ball'],StabilityBallSit-ups_Crunches_53-1.jpg,StabilityBallSit-ups_Crunches_53-2.jpg,True,False,False,False,False,False,False,False,False,False,False,False,False,False,False,False,False,False,False,False,False,False,False,False,True,False,False
Stability Ball Wall Squats,"['Butt/Hips', 'Legs - Thighs']",Beginner,['Stability Ball'],StabilityBallWallSquats_53-1.jpg,StabilityBallWallSquats_53-2.jpg,False,False,False,True,False,False,False,True,False,False,False,False,False,False,False,False,False,False,False,False,False,False,False,False,True,False,False
Standing Calf Raises - Wall,['Legs - Calves and Shins'],Beginner,['No Equipment'],StandingCalfRaises-Wall_53-1.jpg,StandingCalfRaises-Wall_53-2.jpg,False,False,False,False,False,False,True,False,False,False,False,False,False,False,False,False,False,False,False,False,True,False,False,False,False,False,False
Half-kneeling Hay Baler,['Abs'],Beginner,['Medicine Ball'],Half-kneelingHayBaler_53-1.jpg,Half-kneelingHayBaler_53-2.jpg,True,False,False,False,False,False,False,False,False,False,False,False,False,False,False,False,False,False,False,True,False,False,False,False,False,False,False
Side Plank - modified,"['Abs', 'Butt/Hips']",Beginner,['No Equipment'],SidePlank-modified_53-1.jpg,SidePlank-modified_53-2.jpg,True,False,False,True,False,False,False,False,False,False,False,False,False,False,False,False,False,False,False,False,True,False,False,False,False,False,False
Dirty Dog,"['Abs', 'Butt/Hips']",Beginner,['No Equipment'],DirtyDog_53-1.jpg,DirtyDog_53-2.jpg,True,False,False,True,False,False,False,False,False,False,False,False,False,False,False,False,False,False,False,False,True,False,False,False,False,False,False
Forward Stepping over Cones ,"['Abs', 'Butt/Hips']",Beginner,['Cones'],ForwardSteppingoverCones_53-1.jpg,ForwardSteppingoverCones_53-2.jpg,True,False,False,True,False,False,False,False,False,False,False,False,False,True,False,False,False,False,False,False,False,False,False,False,False,False,False
Single Leg Stand,['Abs'],Beginner,['No Equipment'],SingleLegStand_53-1.jpg,SingleLegStand_53-2.jpg,True,False,False,False,False,False,False,False,False,False,False,False,False,False,False,False,False,False,False,False,True,False,False,False,False,False,False
Squat Jumps,"['Butt/Hips', 'Legs - Thighs']",Beginner,['No Equipment'],SquatJumps_53-1.jpg,SquatJumps_53-2.jpg,False,False,False,True,False,False,False,True,False,False,False,False,False,False,False,False,False,False,False,False,True,False,False,False,False,False,False
Supine Hollowing with Lower Extremity Movements,['Abs'],Beginner,['No Equipment'],SupineHollowingwithLowerExtremityMovements_121-1.jpg,SupineHollowingwithLowerExtremityMovements_121-2.jpg,True,False,False,False,False,False,False,False,False,False,False,False,False,False,False,False,False,False,False,False,True,False,False,False,False,False,False
Supine Rotator Cuff ,"['Abs', 'Shoulders']",Beginner,['No Equipment'],SupineRotatorCuff_121-1.jpg,SupineRotatorCuff_121-2.jpg,True,False,False,False,False,False,False,False,False,True,False,False,False,False,False,False,False,False,False,False,True,False,False,False,False,False,False
Supine Shoulder Flexion ,['Shoulders'],Beginner,['No Equipment'],SupineShoulderFlexion_121-1.jpg,SupineShoulderFlexion_121-2.jpg,False,False,False,False,False,False,False,False,False,True,False,False,False,False,False,False,False,False,False,False,True,False,False,False,False,False,False
Supine Snow Angel (Wipers) Exercise,"['Abs', 'Chest', 'Shoulders']",Beginner,['No Equipment'],SupineSnowAngel(Wipers)Exercise_121-1.jpg,SupineSnowAngel(Wipers)Exercise_121-2.jpg,True,False,False,False,True,False,False,False,False,True,False,False,False,False,False,False,False,False,False,False,True,False,False,False,False,False,False
Prone (Lying) Hamstrings Curl,['Legs - Thighs'],Beginner,['Resistance Bands/Cables'],Prone(Lying)HamstringsCurl_121-1.jpg,Prone(Lying)HamstringsCurl_121-2.jpg,False,False,False,False,False,False,False,True,False,False,False,False,False,False,False,False,False,False,False,False,False,False,False,True,False,False,False
Bodyweight Squat,"['Abs', 'Butt/Hips', 'Legs - Calves and Shins', 'Legs - Thighs']",Beginner,['No Equipment'],BodyweightSquat_121-1.jpg,BodyweightSquat_121-2.jpg,True,False,False,True,False,False,True,True,False,False,False,False,False,False,False,False,False,False,False,False,True,False,False,False,False,False,False
Standing Lunge Stretch,"['Butt/Hips', 'Legs - Thighs']",Beginner,['No Equipment'],StandingLungeStretch_121-1.jpg,StandingLungeStretch_121-2.jpg,False,False,False,True,False,False,False,True,False,False,False,False,False,False,False,False,False,False,False,False,True,False,False,False,False,False,False
Kneeling Lat Stretch (w/bench),['Back'],Beginner,['Bench'],KneelingLatStretch(w_bench)_121-1.jpg,KneelingLatStretch(w_bench)_121-2.jpg,False,False,True,False,False,False,False,False,False,False,False,False,True,False,False,False,False,False,False,False,False,False,False,False,False,False,False
Kneeling Hip-flexor Stretch ,"['Butt/Hips', 'Legs - Thighs']",Beginner,['No Equipment'],KneelingHip-flexorStretch_121-1.jpg,KneelingHip-flexorStretch_121-2.jpg,False,False,False,True,False,False,False,True,False,False,False,False,False,False,False,False,False,False,False,False,True,False,False,False,False,False,False
Supine Hip Flexor Stretch,"['Butt/Hips', 'Legs - Thighs']",Beginner,['No Equipment'],SupineHipFlexorStretch_121-1.jpg,SupineHipFlexorStretch_121-2.jpg,False,False,False,True,False,False,False,True,False,False,False,False,False,False,False,False,False,False,False,False,True,False,False,False,False,False,False
Supine Dead Bug,['Abs'],Beginner,['No Equipment'],SupineDeadBug_121-1.jpg,SupineDeadBug_121-2.jpg,True,False,False,False,False,False,False,False,False,False,False,False,False,False,False,False,False,False,False,False,True,False,False,False,False,False,False
Supine 90-90 Hip Rotator Stretch,"['Butt/Hips', 'Legs - Thighs']",Beginner,['No Equipment'],Supine90-90HipRotatorStretch_121-1.jpg,Supine90-90HipRotatorStretch_121-2.jpg,False,False,False,True,False,False,False,True,False,False,False,False,False,False,False,False,False,False,False,False,True,False,False,False,False,False,False
Side Lying Quadriceps Stretch ,['Legs - Thighs'],Beginner,['No Equipment'],SideLyingQuadricepsStretch_149-1.jpg,SideLyingQuadricepsStretch_149-2.jpg,False,False,False,False,False,False,False,True,False,False,False,False,False,False,False,False,False,False,False,False,True,False,False,False,False,False,False
Standing Dorsi-Flexion (Calf Stretch),['Legs - Calves and Shins'],Beginner,['No Equipment'],StandingDorsi-Flexion(CalfStretch)_149-1.jpg,StandingDorsi-Flexion(CalfStretch)_149-2.jpg,False,False,False,False,False,False,True,False,False,False,False,False,False,False,False,False,False,False,False,False,True,False,False,False,False,False,False
Lying Hamstrings Curl,['Butt/Hips'],Beginner,['Weight Machines / Selectorized'],LyingHamstringsCurl_149-1.jpg,LyingHamstringsCurl_149-2.jpg,False,False,False,True,False,False,False,False,False,False,False,False,False,False,False,False,False,False,False,False,False,False,False,False,False,False,True
Seated Leg Press Exercise,"['Butt/Hips', 'Legs - Thighs']",Beginner,['Weight Machines / Selectorized'],SeatedLegPressExercise_149-1.jpg,SeatedLegPressExercise_149-2.jpg,False,False,False,True,False,False,False,True,False,False,False,False,False,False,False,False,False,False,False,False,False,False,False,False,False,False,True
Seated Lat Pulldown,['Back'],Beginner,['Weight Machines / Selectorized'],SeatedLatPulldown_149-1.jpg,SeatedLatPulldown_149-2.jpg,False,False,True,False,False,False,False,False,False,False,False,False,False,False,False,False,False,False,False,False,False,False,False,False,False,False,True
Seated Cable Press,['Chest'],Beginner,"['Resistance Bands/Cables', 'Weight Machines / Selectorized']",SeatedCablePress_149-1.jpg,SeatedCablePress_149-2.jpg,False,False,False,False,True,False,False,False,False,False,False,False,False,False,False,False,False,False,False,False,False,False,False,True,False,False,True
Seated Decline Cable Press ,['Chest'],Beginner,"['Resistance Bands/Cables', 'Weight Machines / Selectorized']",SeatedDeclineCablePress_149-1.jpg,SeatedDeclineCablePress_149-2.jpg,False,False,False,False,True,False,False,False,False,False,False,False,False,False,False,False,False,False,False,False,False,False,False,True,False,False,True
Seated Incline Cable Press,['Chest'],Beginner,"['Resistance Bands/Cables', 'Weight Machines / Selectorized']",SeatedInclineCablePress_149-1.jpg,SeatedInclineCablePress_149-2.jpg,False,False,False,False,True,False,False,False,False,False,False,False,False,False,False,False,False,False,False,False,False,False,False,True,False,False,True
Seated Row ,"['Arms', 'Back']",Beginner,['Weight Machines / Selectorized'],SeatedRow_149-1.jpg,SeatedRow_149-2.jpg,False,True,True,False,False,False,False,False,False,False,False,False,False,False,False,False,False,False,False,False,False,False,False,False,False,False,True
Seated High Back Rows,"['Arms', 'Back']",Beginner,['Weight Machines / Selectorized'],SeatedHighBackRows_149-1.jpg,SeatedHighBackRows_149-2.jpg,False,True,True,False,False,False,False,False,False,False,False,False,False,False,False,False,False,False,False,False,False,False,False,False,False,False,True
Overhead Triceps Stretch,['Arms'],Beginner,['No Equipment'],OverheadTricepsStretch_149-1.jpg,OverheadTricepsStretch_149-2.jpg,False,True,False,False,False,False,False,False,False,False,False,False,False,False,False,False,False,False,False,False,True,False,False,False,False,False,False
Forward Linear Jumps,"['Butt/Hips', 'Full Body/Integrated', 'Legs - Calves and Shins', 'Legs - Thighs']",Beginner,['No Equipment'],ForwardLinearJumps_149-1.jpg,ForwardLinearJumps_149-2.jpg,False,False,False,True,False,True,True,True,False,False,False,False,False,False,False,False,False,False,False,False,True,False,False,False,False,False,False
Lateral Shuffles,"['Butt/Hips', 'Legs - Thighs']",Beginner,['Cones'],LateralShuffles_181-1.jpg,LateralShuffles_181-2.jpg,False,False,False,True,False,False,False,True,False,False,False,False,False,True,False,False,False,False,False,False,False,False,False,False,False,False,False
Seated Leg Extension ,['Legs - Thighs'],Beginner,['Weight Machines / Selectorized'],SeatedLegExtension_181-1.jpg,SeatedLegExtension_181-2.jpg,False,False,False,False,False,False,False,True,False,False,False,False,False,False,False,False,False,False,False,False,False,False,False,False,False,False,True
Seated Biceps Curl,['Arms'],Beginner,['Weight Machines / Selectorized'],SeatedBicepsCurl_181-1.jpg,SeatedBicepsCurl_181-2.jpg,False,True,False,False,False,False,False,False,False,False,False,False,False,False,False,False,False,False,False,False,False,False,False,False,False,False,True
Triceps Pushdowns ,['Arms'],Beginner,['Weight Machines / Selectorized'],TricepsPushdowns_181-1.jpg,TricepsPushdowns_181-2.jpg,False,True,False,False,False,False,False,False,False,False,False,False,False,False,False,False,False,False,False,False,False,False,False,False,False,False,True
Seated Shoulder Press ,"['Arms', 'Shoulders']",Beginner,['Weight Machines / Selectorized'],SeatedShoulderPress_181-1.jpg,SeatedShoulderPress_181-2.jpg,False,True,False,False,False,False,False,False,False,True,False,False,False,False,False,False,False,False,False,False,False,False,False,False,False,False,True
Seated Machine Close-Grip Shoulder Press,"['Arms', 'Shoulders']",Beginner,['Weight Machines / Selectorized'],SeatedMachineClose-GripShoulderPress_181-1.jpg,SeatedMachineClose-GripShoulderPress_181-2.jpg,False,True,False,False,False,False,False,False,False,True,False,False,False,False,False,False,False,False,False,False,False,False,False,False,False,False,True
Seated Chest Press  ,['Chest'],Beginner,['Weight Machines / Selectorized'],SeatedChestPress_181-1.jpg,SeatedChestPress_181-2.jpg,False,False,False,False,True,False,False,False,False,False,False,False,False,False,False,False,False,False,False,False,False,False,False,False,False,False,True
Seated Close-Grip Chest Press,"['Arms', 'Chest']",Beginner,['Weight Machines / Selectorized'],SeatedClose-GripChestPress_181-1.jpg,SeatedClose-GripChestPress_181-2.jpg,False,True,False,False,True,False,False,False,False,False,False,False,False,False,False,False,False,False,False,False,False,False,False,False,False,False,True
Thomas Stretch,"['Butt/Hips', 'Legs - Thighs']",Beginner,['No Equipment'],ThomasStretch_181-1.jpg,ThomasStretch_181-2.jpg,False,False,False,True,False,False,False,True,False,False,False,False,False,False,False,False,False,False,False,False,True,False,False,False,False,False,False
Kneeling TA Stretch,"['Butt/Hips', 'Legs - Thighs']",Beginner,['No Equipment'],KneelingTAStretch_181-1.jpg,KneelingTAStretch_181-2.jpg,False,False,False,True,False,False,False,True,False,False,False,False,False,False,False,False,False,False,False,False,True,False,False,False,False,False,False
90 Lat Stretch,['Back'],Beginner,['No Equipment'],90LatStretch_181-1.jpg,90LatStretch_181-2.jpg,False,False,True,False,False,False,False,False,False,False,False,False,False,False,False,False,False,False,False,False,True,False,False,False,False,False,False
Standing Shoulder Extension,['Arms'],Beginner,['No Equipment'],StandingShoulderExtension_181-1.jpg,StandingShoulderExtension_181-2.jpg,False,True,False,False,False,False,False,False,False,False,False,False,False,False,False,False,False,False,False,False,True,False,False,False,False,False,False
Lateral Neck Flexion,['Neck'],Beginner,['No Equipment'],LateralNeckFlexion_202-1.jpg,LateralNeckFlexion_202-2.jpg,False,False,False,False,False,False,False,False,True,False,False,False,False,False,False,False,False,False,False,False,True,False,False,False,False,False,False
Neck Flexion and Extension,['Neck'],Beginner,['No Equipment'],NeckFlexionandExtension_202-1.jpg,NeckFlexionandExtension_202-2.jpg,False,False,False,False,False,False,False,False,True,False,False,False,False,False,False,False,False,False,False,False,True,False,False,False,False,False,False
Shoulder Packing,"['Back', 'Shoulders']",Beginner,['No Equipment'],ShoulderPacking_202-1.jpg,ShoulderPacking_202-2.jpg,False,False,True,False,False,False,False,False,False,True,False,False,False,False,False,False,False,False,False,False,True,False,False,False,False,False,False
Seated Bent-Knee Biceps Stretch,['Arms'],Beginner,['No Equipment'],SeatedBent-KneeBicepsStretch_202-1.jpg,SeatedBent-KneeBicepsStretch_202-2.jpg,False,True,False,False,False,False,False,False,False,False,False,False,False,False,False,False,False,False,False,False,True,False,False,False,False,False,False
Standing Chest Stretch,['Chest'],Beginner,['No Equipment'],StandingChestStretch_202-1.jpg,StandingChestStretch_202-2.jpg,False,False,False,False,True,False,False,False,False,False,False,False,False,False,False,False,False,False,False,False,True,False,False,False,False,False,False
Seated Straddle Stretch ,"['Back', 'Legs - Thighs']",Beginner,['No Equipment'],SeatedStraddleStretch_202-1.jpg,SeatedStraddleStretch_202-2.jpg,False,False,True,False,False,False,False,True,False,False,False,False,False,False,False,False,False,False,False,False,True,False,False,False,False,False,False
Seated Side-Straddle Stretch ,"['Abs', 'Back', 'Legs - Thighs']",Beginner,['No Equipment'],SeatedSide-StraddleStretch_202-1.jpg,SeatedSide-StraddleStretch_202-2.jpg,True,False,True,False,False,False,False,True,False,False,False,False,False,False,False,False,False,False,False,False,True,False,False,False,False,False,False
Seated Toe Touches ,"['Legs - Calves and Shins', 'Legs - Thighs']",Beginner,['No Equipment'],SeatedToeTouches_202-1.jpg,SeatedToeTouches_202-2.jpg,False,False,False,False,False,False,True,True,False,False,False,False,False,False,False,False,False,False,False,False,True,False,False,False,False,False,False
Seated Calf Stretch,['Legs - Calves and Shins'],Beginner,['No Equipment'],SeatedCalfStretch_202-1.jpg,SeatedCalfStretch_202-2.jpg,False,False,False,False,False,False,True,False,False,False,False,False,False,False,False,False,False,False,False,False,True,False,False,False,False,False,False
Seated Butterfly Stretch ,['Legs - Thighs'],Beginner,['No Equipment'],SeatedButterflyStretch_202-1.jpg,SeatedButterflyStretch_202-2.jpg,False,False,False,False,False,False,False,True,False,False,False,False,False,False,False,False,False,False,False,False,True,False,False,False,False,False,False
Forward Hurdle Run,"['Butt/Hips', 'Legs - Calves and Shins']",Beginner,['Hurdles'],ForwardHurdleRun_202-1.jpg,ForwardHurdleRun_202-2.jpg,False,False,False,True,False,False,True,False,False,False,False,False,False,False,False,False,True,False,False,False,False,False,False,False,False,False,False
Squat Jump,"['Butt/Hips', 'Legs - Thighs']",Beginner,['No Equipment'],SquatJump_202-1.jpg,SquatJump_202-2.jpg,False,False,False,True,False,False,False,True,False,False,False,False,False,False,False,False,False,False,False,False,True,False,False,False,False,False,False
Childs Pose,"['Abs', 'Back', 'Butt/Hips', 'Legs - Thighs']",Beginner,['No Equipment'],ChildsPose_227-1.jpg,ChildsPose_227-2.jpg,True,False,True,True,False,False,False,True,False,False,False,False,False,False,False,False,False,False,False,False,True,False,False,False,False,False,False
Warrior I,"['Butt/Hips', 'Full Body/Integrated', 'Legs - Thighs']",Beginner,['No Equipment'],WarriorI_227-1.jpg,WarriorI_227-2.jpg,False,False,False,True,False,True,False,True,False,False,False,False,False,False,False,False,False,False,False,False,True,False,False,False,False,False,False
Single Leg Push-off,"['Butt/Hips', 'Legs - Calves and Shins', 'Legs - Thighs']",Beginner,['Raised Platform/Box'],SingleLegPush-off_227-1.jpg,SingleLegPush-off_227-2.jpg,False,False,False,True,False,False,True,True,False,False,False,False,False,False,False,False,False,False,False,False,False,False,True,False,False,False,False
Leg Crossover Stretch ,"['Butt/Hips', 'Legs - Thighs']",Beginner,['No Equipment'],LegCrossoverStretch_227-1.jpg,LegCrossoverStretch_227-2.jpg,False,False,False,True,False,False,False,True,False,False,False,False,False,False,False,False,False,False,False,False,True,False,False,False,False,False,False
Supine Hamstrings Stretch,"['Legs - Calves and Shins', 'Legs - Thighs']",Beginner,['No Equipment'],SupineHamstringsStretch_227-1.jpg,SupineHamstringsStretch_227-2.jpg,False,False,False,False,False,False,True,True,False,False,False,False,False,False,False,False,False,False,False,False,True,False,False,False,False,False,False
Supine Reverse Marches,['Abs'],Beginner,['No Equipment'],SupineReverseMarches_227-1.jpg,SupineReverseMarches_227-2.jpg,True,False,False,False,False,False,False,False,False,False,False,False,False,False,False,False,False,False,False,False,True,False,False,False,False,False,False
Upward Facing Dog,"['Abs', 'Back']",Beginner,['No Equipment'],UpwardFacingDog_227-1.jpg,UpwardFacingDog_227-2.jpg,True,False,True,False,False,False,False,False,False,False,False,False,False,False,False,False,False,False,False,False,True,False,False,False,False,False,False
V Sit Partner Rotations,['Abs'],Beginner,['Medicine Ball'],VSitPartnerRotations_227-1.jpg,VSitPartnerRotations_227-2.jpg,True,False,False,False,False,False,False,False,False,False,False,False,False,False,False,False,False,False,False,True,False,False,False,False,False,False,False
Partner Assisted Bodyweight Squats,"['Abs', 'Butt/Hips', 'Legs - Thighs']",Beginner,['No Equipment'],PartnerAssistedBodyweightSquats_227-1.jpg,PartnerAssistedBodyweightSquats_227-2.jpg,True,False,False,True,False,False,False,True,False,False,False,False,False,False,False,False,False,False,False,False,True,False,False,False,False,False,False
Partner Tricep Extension,"['Abs', 'Arms', 'Butt/Hips']",Beginner,['Resistance Bands/Cables'],PartnerTricepExtension_227-1.jpg,PartnerTricepExtension_227-2.jpg,True,True,False,True,False,False,False,False,False,False,False,False,False,False,False,False,False,False,False,False,False,False,False,True,False,False,False
Quadruped Bent-knee Hip Extensions,"['Abs', 'Butt/Hips']",Beginner,['No Equipment'],QuadrupedBent-kneeHipExtensions_227-1.jpg,QuadrupedBent-kneeHipExtensions_227-2.jpg,True,False,False,True,False,False,False,False,False,False,False,False,False,False,False,False,False,False,False,False,True,False,False,False,False,False,False
Modified Hurdler's Stretch,['Legs - Thighs'],Beginner,['No Equipment'],ModifiedHurdler_sStretch_227-1.jpg,ModifiedHurdler_sStretch_227-2.jpg,False,False,False,False,False,False,False,True,False,False,False,False,False,False,False,False,False,False,False,False,True,False,False,False,False,False,False
Walking Abduction,['Butt/Hips'],Beginner,['Resistance Bands/Cables'],WalkingAbduction_290-1.jpg,WalkingAbduction_290-2.jpg,False,False,False,True,False,False,False,False,False,False,False,False,False,False,False,False,False,False,False,False,False,False,False,True,False,False,False
Seated Crunch,['Abs'],Beginner,['Weight Machines / Selectorized'],SeatedCrunch_290-1.jpg,SeatedCrunch_290-2.jpg,True,False,False,False,False,False,False,False,False,False,False,False,False,False,False,False,False,False,False,False,False,False,False,False,False,False,True
Tricep Extension,['Arms'],Beginner,['Weight Machines / Selectorized'],TricepExtension_290-1.jpg,TricepExtension_290-2.jpg,False,True,False,False,False,False,False,False,False,False,False,False,False,False,False,False,False,False,False,False,False,False,False,False,False,False,True
Glute Press,['Butt/Hips'],Beginner,['Weight Machines / Selectorized'],GlutePress_290-1.jpg,GlutePress_290-2.jpg,False,False,False,True,False,False,False,False,False,False,False,False,False,False,False,False,False,False,False,False,False,False,False,False,False,False,True
Calf Raise,['Legs - Calves and Shins'],Beginner,['Weight Machines / Selectorized'],CalfRaise_290-1.jpg,CalfRaise_290-2.jpg,False,False,False,False,False,False,True,False,False,False,False,False,False,False,False,False,False,False,False,False,False,False,False,False,False,False,True
Lateral Shoulder Raise,['Shoulders'],Beginner,['Weight Machines / Selectorized'],LateralShoulderRaise_290-1.jpg,LateralShoulderRaise_290-2.jpg,False,False,False,False,False,False,False,False,False,True,False,False,False,False,False,False,False,False,False,False,False,False,False,False,False,False,True
Kneeling ABC's,['Abs'],Beginner,['Stability Ball'],KneelingABC_s_290-1.jpg,KneelingABC_s_290-2.jpg,True,False,False,False,False,False,False,False,False,False,False,False,False,False,False,False,False,False,False,False,False,False,False,False,True,False,False
Decline Plank,['Abs'],Beginner,['BOSU Trainer'],DeclinePlank_290-1.jpg,DeclinePlank_290-2.jpg,True,False,False,False,False,False,False,False,False,False,True,False,False,False,False,False,False,False,False,False,False,False,False,False,False,False,False
Standing Bicep Curl,['Arms'],Beginner,['Resistance Bands/Cables'],StandingBicepCurl_290-1.jpg,StandingBicepCurl_290-2.jpg,False,True,False,False,False,False,False,False,False,False,False,False,False,False,False,False,False,False,False,False,False,False,False,True,False,False,False
Standing Crunch,['Abs'],Beginner,['Resistance Bands/Cables'],StandingCrunch_290-1.jpg,StandingCrunch_290-2.jpg,True,False,False,False,False,False,False,False,False,False,False,False,False,False,False,False,False,False,False,False,False,False,False,True,False,False,False
Tricep Pressdown Exercise,['Arms'],Beginner,['Resistance Bands/Cables'],TricepPressdownExercise_290-1.jpg,TricepPressdownExercise_290-2.jpg,False,True,False,False,False,False,False,False,False,False,False,False,False,False,False,False,False,False,False,False,False,False,False,True,False,False,False
Anti-rotation Reverse Lunge,['Full Body/Integrated'],Beginner,['Resistance Bands/Cables'],Anti-rotationReverseLunge_290-1.jpg,Anti-rotationReverseLunge_290-2.jpg,False,False,False,False,False,True,False,False,False,False,False,False,False,False,False,False,False,False,False,False,False,False,False,True,False,False,False
Rotator Cuff Internal Rotation,['Shoulders'],Beginner,['Resistance Bands/Cables'],RotatorCuffInternalRotation_351-1.jpg,RotatorCuffInternalRotation_351-2.jpg,False,False,False,False,False,False,False,False,False,True,False,False,False,False,False,False,False,False,False,False,False,False,False,True,False,False,False
Rotator Cuff External Rotation,['Shoulders'],Beginner,['Resistance Bands/Cables'],RotatorCuffExternalRotation_351-1.jpg,RotatorCuffExternalRotation_351-2.jpg,False,False,False,False,False,False,False,False,False,True,False,False,False,False,False,False,False,False,False,False,False,False,False,True,False,False,False
Single-arm Lateral Raise,['Shoulders'],Beginner,['Resistance Bands/Cables'],Single-armLateralRaise_351-1.jpg,Single-armLateralRaise_351-2.jpg,False,False,False,False,False,False,False,False,False,True,False,False,False,False,False,False,False,False,False,False,False,False,False,True,False,False,False
V-raise,['Shoulders'],Beginner,['Dumbbells'],V-raise_351-1.jpg,V-raise_351-2.jpg,False,False,False,False,False,False,False,False,False,True,False,False,False,False,True,False,False,False,False,False,False,False,False,False,False,False,False
Forward Lunge,"['Butt/Hips', 'Legs - Thighs']",Intermediate,['Barbell'],ForwardLunge_8-1.jpg,ForwardLunge_8-2.jpg,False,False,False,True,False,False,False,True,False,False,False,True,False,False,False,False,False,False,False,False,False,False,False,False,False,False,False
Hammer Curl,['Arms'],Intermediate,['Dumbbells'],HammerCurl_8-1.jpg,HammerCurl_8-2.jpg,False,True,False,False,False,False,False,False,False,False,False,False,False,False,True,False,False,False,False,False,False,False,False,False,False,False,False
Bird-dog,"['Abs', 'Back', 'Butt/Hips']",Intermediate,['No Equipment'],Bird-dog_8-1.jpg,Bird-dog_8-2.jpg,True,False,True,True,False,False,False,False,False,False,False,False,False,False,False,False,False,False,False,False,True,False,False,False,False,False,False
Downward-facing Dog,"['Arms', 'Back', 'Butt/Hips', 'Full Body/Integrated', 'Legs - Calves and Shins', 'Legs - Thighs']",Intermediate,['No Equipment'],Downward-facingDog_8-1.jpg,Downward-facingDog_8-2.jpg,False,True,True,True,False,True,True,True,False,False,False,False,False,False,False,False,False,False,False,False,True,False,False,False,False,False,False
Chest Press,"['Arms', 'Chest', 'Shoulders']",Intermediate,"['Bench', 'Dumbbells']",ChestPress_8-1.jpg,ChestPress_8-2.jpg,False,True,False,False,True,False,False,False,False,True,False,False,True,False,True,False,False,False,False,False,False,False,False,False,False,False,False
Lying Chest Fly,"['Chest', 'Shoulders']",Intermediate,"['Bench', 'Dumbbells']",LyingChestFly_8-1.jpg,LyingChestFly_8-2.jpg,False,False,False,False,True,False,False,False,False,True,False,False,True,False,True,False,False,False,False,False,False,False,False,False,False,False,False
Front Squat,"['Back', 'Butt/Hips', 'Full Body/Integrated', 'Legs - Thighs']",Intermediate,['Dumbbells'],FrontSquat_8-1.jpg,FrontSquat_8-2.jpg,False,False,True,True,False,True,False,True,False,False,False,False,False,False,True,False,False,False,False,False,False,False,False,False,False,False,False
Front Plank,"['Abs', 'Back']",Intermediate,['No Equipment'],FrontPlank_8-1.jpg,FrontPlank_8-2.jpg,True,False,True,False,False,False,False,False,False,False,False,False,False,False,False,False,False,False,False,False,True,False,False,False,False,False,False
Kneeling Lat Pulldown,['Back'],Intermediate,['Resistance Bands/Cables'],KneelingLatPulldown_8-1.jpg,KneelingLatPulldown_8-2.jpg,False,False,True,False,False,False,False,False,False,False,False,False,False,False,False,False,False,False,False,False,False,False,False,True,False,False,False
Lying Barbell Triceps Extensions ,['Arms'],Intermediate,"['Barbell', 'Bench']",LyingBarbellTricepsExtensions_8-1.jpg,LyingBarbellTricepsExtensions_8-2.jpg,False,True,False,False,False,False,False,False,False,False,False,True,True,False,False,False,False,False,False,False,False,False,False,False,False,False,False
Lying Pullovers,['Chest'],Intermediate,"['Bench', 'Dumbbells']",LyingPullovers_8-1.jpg,LyingPullovers_8-2.jpg,False,False,False,False,True,False,False,False,False,False,False,False,True,False,True,False,False,False,False,False,False,False,False,False,False,False,False
Push-up,"['Arms', 'Chest', 'Shoulders']",Intermediate,['No Equipment'],Push-up_8-1.jpg,Push-up_8-2.jpg,False,True,False,False,True,False,False,False,False,True,False,False,False,False,False,False,False,False,False,False,True,False,False,False,False,False,False
Seated Shoulder Press,"['Arms', 'Shoulders']",Intermediate,"['Barbell', 'Bench']",SeatedShoulderPress_43-1.jpg,SeatedShoulderPress_43-2.jpg,False,True,False,False,False,False,False,False,False,True,False,True,True,False,False,False,False,False,False,False,False,False,False,False,False,False,False
Seated Overhead Press,"['Arms', 'Shoulders']",Intermediate,"['Bench', 'Dumbbells']",SeatedOverheadPress_43-1.jpg,SeatedOverheadPress_43-2.jpg,False,True,False,False,False,False,False,False,False,True,False,False,True,False,True,False,False,False,False,False,False,False,False,False,False,False,False
Side Lunge,"['Butt/Hips', 'Legs - Thighs']",Intermediate,['No Equipment'],SideLunge_43-1.jpg,SideLunge_43-2.jpg,False,False,False,True,False,False,False,True,False,False,False,False,False,False,False,False,False,False,False,False,True,False,False,False,False,False,False
Calf Raises,['Legs - Calves and Shins'],Intermediate,['Barbell'],CalfRaises_43-1.jpg,CalfRaises_43-2.jpg,False,False,False,False,False,False,True,False,False,False,False,True,False,False,False,False,False,False,False,False,False,False,False,False,False,False,False
Stability Ball Hamstring Curl,"['Butt/Hips', 'Legs - Thighs']",Intermediate,['Stability Ball'],StabilityBallHamstringCurl_43-1.jpg,StabilityBallHamstringCurl_43-2.jpg,False,False,False,True,False,False,False,True,False,False,False,False,False,False,False,False,False,False,False,False,False,False,False,False,True,False,False
Stability Ball Prone Walkout,"['Abs', 'Back']",Intermediate,['Stability Ball'],StabilityBallProneWalkout_43-1.jpg,StabilityBallProneWalkout_43-2.jpg,True,False,True,False,False,False,False,False,False,False,False,False,False,False,False,False,False,False,False,False,False,False,False,False,True,False,False
Stability Ball Push-Up,"['Chest', 'Shoulders']",Intermediate,['Stability Ball'],StabilityBallPush-Up_43-1.jpg,StabilityBallPush-Up_43-2.jpg,False,False,False,False,True,False,False,False,False,True,False,False,False,False,False,False,False,False,False,False,False,False,False,False,True,False,False
Glute Bridge ,"['Abs', 'Butt/Hips', 'Legs - Thighs']",Intermediate,['Stability Ball'],GluteBridge_43-1.jpg,GluteBridge_43-2.jpg,True,False,False,True,False,False,False,True,False,False,False,False,False,False,False,False,False,False,False,False,False,False,False,False,True,False,False
Stability Ball Shoulder Stabilization,"['Back', 'Shoulders']",Intermediate,['Stability Ball'],StabilityBallShoulderStabilization_43-1.jpg,StabilityBallShoulderStabilization_43-2.jpg,False,False,True,False,False,False,False,False,False,True,False,False,False,False,False,False,False,False,False,False,False,False,False,False,True,False,False
Bicep Curl,['Arms'],Intermediate,['Barbell'],BicepCurl_43-1.jpg,BicepCurl_43-2.jpg,False,True,False,False,False,False,False,False,False,False,False,True,False,False,False,False,False,False,False,False,False,False,False,False,False,False,False
Shrug,['Back'],Intermediate,['Barbell'],Shrug_43-1.jpg,Shrug_43-2.jpg,False,False,True,False,False,False,False,False,False,False,False,True,False,False,False,False,False,False,False,False,False,False,False,False,False,False,False
Triceps Extension,['Arms'],Intermediate,['Dumbbells'],TricepsExtension_43-1.jpg,TricepsExtension_43-2.jpg,False,True,False,False,False,False,False,False,False,False,False,False,False,False,True,False,False,False,False,False,False,False,False,False,False,False,False
Standing Shrug,['Back'],Intermediate,['Dumbbells'],StandingShrug_75-1.jpg,StandingShrug_75-2.jpg,False,False,True,False,False,False,False,False,False,False,False,False,False,False,True,False,False,False,False,False,False,False,False,False,False,False,False
Reverse Ab Crunch,['Abs'],Intermediate,['No Equipment'],ReverseAbCrunch_75-1.jpg,ReverseAbCrunch_75-2.jpg,True,False,False,False,False,False,False,False,False,False,False,False,False,False,False,False,False,False,False,False,True,False,False,False,False,False,False
TRX ® Assisted Cross-over Lunge with Arm Raise,"['Back', 'Butt/Hips', 'Shoulders']",Intermediate,['TRX'],TRX®AssistedCross-overLungewithArmRaise_75-1.jpg,TRX®AssistedCross-overLungewithArmRaise_75-2.jpg,False,False,True,True,False,False,False,False,False,True,False,False,False,False,False,False,False,False,False,False,False,False,False,False,False,True,False
TRX ® Assisted Side Lunge with Arm Raise,"['Back', 'Butt/Hips', 'Full Body/Integrated', 'Legs - Calves and Shins', 'Shoulders']",Intermediate,['TRX'],TRX®AssistedSideLungewithArmRaise_75-1.jpg,TRX®AssistedSideLungewithArmRaise_75-2.jpg,False,False,True,True,False,True,True,False,False,True,False,False,False,False,False,False,False,False,False,False,False,False,False,False,False,True,False
Forward Lunge,"['Abs', 'Butt/Hips', 'Legs - Thighs']",Intermediate,['No Equipment'],ForwardLunge_75-1.jpg,ForwardLunge_75-2.jpg,True,False,False,True,False,False,False,True,False,False,False,False,False,False,False,False,False,False,False,False,True,False,False,False,False,False,False
Side Plank with Straight Leg,"['Abs', 'Butt/Hips']",Intermediate,['No Equipment'],SidePlankwithStraightLeg_75-1.jpg,SidePlankwithStraightLeg_75-2.jpg,True,False,False,True,False,False,False,False,False,False,False,False,False,False,False,False,False,False,False,False,True,False,False,False,False,False,False
Standing Trunk Rotation,['Abs'],Intermediate,['Resistance Bands/Cables'],StandingTrunkRotation_75-1.jpg,StandingTrunkRotation_75-2.jpg,True,False,False,False,False,False,False,False,False,False,False,False,False,False,False,False,False,False,False,False,False,False,False,True,False,False,False
Standing Hip Adduction,"['Abs', 'Butt/Hips', 'Legs - Thighs']",Intermediate,['Resistance Bands/Cables'],StandingHipAdduction_75-1.jpg,StandingHipAdduction_75-2.jpg,True,False,False,True,False,False,False,True,False,False,False,False,False,False,False,False,False,False,False,False,False,False,False,True,False,False,False
Standing Trunk Rotation,['Abs'],Intermediate,['Medicine Ball'],StandingTrunkRotation_75-1.jpg,StandingTrunkRotation_75-2.jpg,True,False,False,False,False,False,False,False,False,False,False,False,False,False,False,False,False,False,False,True,False,False,False,False,False,False,False
Hip Rotations (Push-up Position),"['Abs', 'Butt/Hips', 'Legs - Thighs']",Intermediate,['No Equipment'],HipRotations(Push-upPosition)_75-1.jpg,HipRotations(Push-upPosition)_75-2.jpg,True,False,False,True,False,False,False,True,False,False,False,False,False,False,False,False,False,False,False,False,True,False,False,False,False,False,False
Box Jumps,"['Butt/Hips', 'Legs - Calves and Shins', 'Legs - Thighs']",Intermediate,['Raised Platform/Box'],BoxJumps_75-1.jpg,BoxJumps_75-2.jpg,False,False,False,True,False,False,True,True,False,False,False,False,False,False,False,False,False,False,False,False,False,False,True,False,False,False,False
BOSU® Squat Jumps,"['Abs', 'Butt/Hips', 'Legs - Thighs']",Intermediate,['BOSU Trainer'],BOSU®SquatJumps_75-1.jpg,BOSU®SquatJumps_75-2.jpg,True,False,False,True,False,False,False,True,False,False,True,False,False,False,False,False,False,False,False,False,False,False,False,False,False,False,False
Forward Cone Jumps,"['Butt/Hips', 'Legs - Thighs']",Intermediate,['Cones'],ForwardConeJumps_118-1.jpg,ForwardConeJumps_118-2.jpg,False,False,False,True,False,False,False,True,False,False,False,False,False,True,False,False,False,False,False,False,False,False,False,False,False,False,False
Lateral Cone Jumps,"['Butt/Hips', 'Legs - Calves and Shins', 'Legs - Thighs']",Intermediate,['Cones'],LateralConeJumps_118-1.jpg,LateralConeJumps_118-2.jpg,False,False,False,True,False,False,True,True,False,False,False,False,False,True,False,False,False,False,False,False,False,False,False,False,False,False,False
Single-arm Row,['Back'],Intermediate,"['Bench', 'Dumbbells']",Single-armRow_118-1.jpg,Single-armRow_118-2.jpg,False,False,True,False,False,False,False,False,False,False,False,False,True,False,True,False,False,False,False,False,False,False,False,False,False,False,False
Kneeling Reverse Fly,"['Back', 'Shoulders']",Intermediate,['Resistance Bands/Cables'],KneelingReverseFly_118-1.jpg,KneelingReverseFly_118-2.jpg,False,False,True,False,False,False,False,False,False,True,False,False,False,False,False,False,False,False,False,False,False,False,False,True,False,False,False
Sumo Rotational Squats,"['Butt/Hips', 'Legs - Thighs']",Intermediate,['No Equipment'],SumoRotationalSquats_118-1.jpg,SumoRotationalSquats_118-2.jpg,False,False,False,True,False,False,False,True,False,False,False,False,False,False,False,False,False,False,False,False,True,False,False,False,False,False,False
Standing Hamstrings Curl,"['Abs', 'Legs - Thighs']",Intermediate,['Resistance Bands/Cables'],StandingHamstringsCurl_118-1.jpg,StandingHamstringsCurl_118-2.jpg,True,False,False,False,False,False,False,True,False,False,False,False,False,False,False,False,False,False,False,False,False,False,False,True,False,False,False
Standing Leg Extension,"['Abs', 'Legs - Thighs']",Intermediate,['Resistance Bands/Cables'],StandingLegExtension_118-1.jpg,StandingLegExtension_118-2.jpg,True,False,False,False,False,False,False,True,False,False,False,False,False,False,False,False,False,False,False,False,False,False,False,True,False,False,False
Single Leg Squat,"['Butt/Hips', 'Legs - Calves and Shins', 'Legs - Thighs']",Intermediate,['No Equipment'],SingleLegSquat_118-1.jpg,SingleLegSquat_118-2.jpg,False,False,False,True,False,False,True,True,False,False,False,False,False,False,False,False,False,False,False,False,True,False,False,False,False,False,False
Walking Lunges with Twists,"['Abs', 'Butt/Hips', 'Legs - Thighs']",Intermediate,['Medicine Ball'],WalkingLungeswithTwists_118-1.jpg,WalkingLungeswithTwists_118-2.jpg,True,False,False,True,False,False,False,True,False,False,False,False,False,False,False,False,False,False,False,True,False,False,False,False,False,False,False
Lunge with Elbow Instep,"['Abs', 'Butt/Hips', 'Full Body/Integrated', 'Legs - Thighs']",Intermediate,['No Equipment'],LungewithElbowInstep_118-1.jpg,LungewithElbowInstep_118-2.jpg,True,False,False,True,False,True,False,True,False,False,False,False,False,False,False,False,False,False,False,False,True,False,False,False,False,False,False
Glute Bridge Single Leg Progression,"['Back', 'Butt/Hips', 'Legs - Thighs']",Intermediate,['No Equipment'],GluteBridgeSingleLegProgression_118-1.jpg,GluteBridgeSingleLegProgression_118-2.jpg,False,False,True,True,False,False,False,True,False,False,False,False,False,False,False,False,False,False,False,False,True,False,False,False,False,False,False
Bear Crawl Exercise,['Full Body/Integrated'],Intermediate,['No Equipment'],BearCrawlExercise_118-1.jpg,BearCrawlExercise_118-2.jpg,False,False,False,False,False,True,False,False,False,False,False,False,False,False,False,False,False,False,False,False,True,False,False,False,False,False,False
Standing Hip Abduction,"['Abs', 'Butt/Hips', 'Full Body/Integrated']",Intermediate,"['Resistance Bands/Cables', 'Weight Machines / Selectorized']",StandingHipAbduction_155-1.jpg,StandingHipAbduction_155-2.jpg,True,False,False,True,False,True,False,False,False,False,False,False,False,False,False,False,False,False,False,False,False,False,False,True,False,False,True
Standing Chest Fly,['Chest'],Intermediate,['Resistance Bands/Cables'],StandingChestFly_155-1.jpg,StandingChestFly_155-2.jpg,False,False,False,False,True,False,False,False,False,False,False,False,False,False,False,False,False,False,False,False,False,False,False,True,False,False,False
Standing Decline Cable Flyes,['Chest'],Intermediate,['Weight Machines / Selectorized'],StandingDeclineCableFlyes_155-1.jpg,StandingDeclineCableFlyes_155-2.jpg,False,False,False,False,True,False,False,False,False,False,False,False,False,False,False,False,False,False,False,False,False,False,False,False,False,False,True
Standing Incline Cable Flyes,['Chest'],Intermediate,['Weight Machines / Selectorized'],StandingInclineCableFlyes_155-1.jpg,StandingInclineCableFlyes_155-2.jpg,False,False,False,False,True,False,False,False,False,False,False,False,False,False,False,False,False,False,False,False,False,False,False,False,False,False,True
Forward Linear Ladder Drill,['Full Body/Integrated'],Intermediate,['Ladder'],ForwardLinearLadderDrill_155-1.jpg,ForwardLinearLadderDrill_155-2.jpg,False,False,False,False,False,True,False,False,False,False,False,False,False,False,False,False,False,False,True,False,False,False,False,False,False,False,False
Jump and Reach,"['Butt/Hips', 'Legs - Calves and Shins', 'Legs - Thighs']",Intermediate,['No Equipment'],JumpandReach_155-1.jpg,JumpandReach_155-2.jpg,False,False,False,True,False,False,True,True,False,False,False,False,False,False,False,False,False,False,False,False,True,False,False,False,False,False,False
Overhead Medicine Ball Throws,"['Butt/Hips', 'Full Body/Integrated', 'Shoulders']",Intermediate,['Medicine Ball'],OverheadMedicineBallThrows_155-1.jpg,OverheadMedicineBallThrows_155-2.jpg,False,False,False,True,False,True,False,False,False,True,False,False,False,False,False,False,False,False,False,True,False,False,False,False,False,False,False
Tuck Jump,['Butt/Hips'],Intermediate,['No Equipment'],TuckJump_155-1.jpg,TuckJump_155-2.jpg,False,False,False,True,False,False,False,False,False,False,False,False,False,False,False,False,False,False,False,False,True,False,False,False,False,False,False
Overhead Slams,"['Back', 'Butt/Hips', 'Full Body/Integrated', 'Legs - Thighs', 'Shoulders']",Intermediate,['Medicine Ball'],OverheadSlams_155-1.jpg,OverheadSlams_155-2.jpg,False,False,True,True,False,True,False,True,False,True,False,False,False,False,False,False,False,False,False,True,False,False,False,False,False,False,False
Chin-ups ,"['Arms', 'Back']",Intermediate,['Pull up bar'],Chin-ups_155-1.jpg,Chin-ups_155-2.jpg,False,True,True,False,False,False,False,False,False,False,False,False,False,False,False,False,False,False,False,False,False,True,False,False,False,False,False
Pull-ups,"['Arms', 'Back']",Intermediate,['Pull up bar'],Pull-ups_155-1.jpg,Pull-ups_155-2.jpg,False,True,True,False,False,False,False,False,False,False,False,False,False,False,False,False,False,False,False,False,False,True,False,False,False,False,False
Standing Gate Openers (Frankensteins),"['Abs', 'Butt/Hips', 'Legs - Thighs']",Intermediate,['No Equipment'],StandingGateOpeners(Frankensteins)_155-1.jpg,StandingGateOpeners(Frankensteins)_155-2.jpg,True,False,False,True,False,False,False,True,False,False,False,False,False,False,False,False,False,False,False,False,True,False,False,False,False,False,False
Lateral Over Unders,"['Abs', 'Butt/Hips', 'Legs - Thighs']",Intermediate,"['No Equipment', 'Raised Platform/Box']",LateralOverUnders_206-1.jpg,LateralOverUnders_206-2.jpg,True,False,False,True,False,False,False,True,False,False,False,False,False,False,False,False,False,False,False,False,True,False,True,False,False,False,False
Step Stretch,['Legs - Calves and Shins'],Intermediate,['Raised Platform/Box'],StepStretch_206-1.jpg,StepStretch_206-2.jpg,False,False,False,False,False,False,True,False,False,False,False,False,False,False,False,False,False,False,False,False,False,False,True,False,False,False,False
Seated Straddle with Side Reaches ,"['Abs', 'Back', 'Legs - Thighs']",Intermediate,['No Equipment'],SeatedStraddlewithSideReaches_206-1.jpg,SeatedStraddlewithSideReaches_206-2.jpg,True,False,True,False,False,False,False,True,False,False,False,False,False,False,False,False,False,False,False,False,True,False,False,False,False,False,False
Reverse Slam,"['Butt/Hips', 'Full Body/Integrated', 'Legs - Thighs', 'Shoulders']",Intermediate,['Medicine Ball'],ReverseSlam_206-1.jpg,ReverseSlam_206-2.jpg,False,False,False,True,False,True,False,True,False,True,False,False,False,False,False,False,False,False,False,True,False,False,False,False,False,False,False
Standing Ankle Mobilization,['Legs - Calves and Shins'],Intermediate,['No Equipment'],StandingAnkleMobilization_206-1.jpg,StandingAnkleMobilization_206-2.jpg,False,False,False,False,False,False,True,False,False,False,False,False,False,False,False,False,False,False,False,False,True,False,False,False,False,False,False
Standing Triangle Straddle Bends,"['Back', 'Butt/Hips', 'Legs - Thighs']",Intermediate,['No Equipment'],StandingTriangleStraddleBends_206-1.jpg,StandingTriangleStraddleBends_206-2.jpg,False,False,True,True,False,False,False,True,False,False,False,False,False,False,False,False,False,False,False,False,True,False,False,False,False,False,False
Lateral Hurdle Run,"['Full Body/Integrated', 'Legs - Calves and Shins', 'Legs - Thighs']",Intermediate,['Hurdles'],LateralHurdleRun_206-1.jpg,LateralHurdleRun_206-2.jpg,False,False,False,False,False,True,True,True,False,False,False,False,False,False,False,False,True,False,False,False,False,False,False,False,False,False,False
Supine Spinal Twist with Rib Grab and Progressions,"['Abs', 'Back', 'Chest', 'Shoulders']",Intermediate,['No Equipment'],SupineSpinalTwistwithRibGrabandProgressions_206-1.jpg,SupineSpinalTwistwithRibGrabandProgressions_206-2.jpg,True,False,True,False,True,False,False,False,False,True,False,False,False,False,False,False,False,False,False,False,True,False,False,False,False,False,False
Supine IT Band Stretch,['Legs - Thighs'],Intermediate,['No Equipment'],SupineITBandStretch_206-1.jpg,SupineITBandStretch_206-2.jpg,False,False,False,False,False,False,False,True,False,False,False,False,False,False,False,False,False,False,False,False,True,False,False,False,False,False,False
Cycled Split-Squat Jump,"['Butt/Hips', 'Legs - Calves and Shins', 'Legs - Thighs']",Intermediate,['No Equipment'],CycledSplit-SquatJump_206-1.jpg,CycledSplit-SquatJump_206-2.jpg,False,False,False,True,False,False,True,True,False,False,False,False,False,False,False,False,False,False,False,False,True,False,False,False,False,False,False
"Shoulder Stability-Mobility Series - I, Y, T, W Formations ",['Shoulders'],Intermediate,['No Equipment'],ShoulderStability-MobilitySeries-I_Y_T_WFormations_206-1.jpg,ShoulderStability-MobilitySeries-I_Y_T_WFormations_206-2.jpg,False,False,False,False,False,False,False,False,False,True,False,False,False,False,False,False,False,False,False,False,True,False,False,False,False,False,False
Supine Bicycle Crunches,['Abs'],Intermediate,['No Equipment'],SupineBicycleCrunches_206-1.jpg,SupineBicycleCrunches_206-2.jpg,True,False,False,False,False,False,False,False,False,False,False,False,False,False,False,False,False,False,False,False,True,False,False,False,False,False,False
V-ups,['Abs'],Intermediate,['No Equipment'],V-ups_242-1.jpg,V-ups_242-2.jpg,True,False,False,False,False,False,False,False,False,False,False,False,False,False,False,False,False,False,False,False,True,False,False,False,False,False,False
Vertical Toe Touches,['Abs'],Intermediate,['No Equipment'],VerticalToeTouches_242-1.jpg,VerticalToeTouches_242-2.jpg,True,False,False,False,False,False,False,False,False,False,False,False,False,False,False,False,False,False,False,False,True,False,False,False,False,False,False
Spider Walks,"['Arms', 'Full Body/Integrated']",Intermediate,['No Equipment'],SpiderWalks_242-1.jpg,SpiderWalks_242-2.jpg,False,True,False,False,False,True,False,False,False,False,False,False,False,False,False,False,False,False,False,False,True,False,False,False,False,False,False
"Prone Scapular (Shoulder) Stabilization Series - I, Y, T, W, O Formation","['Back', 'Shoulders']",Intermediate,['No Equipment'],ProneScapular(Shoulder)StabilizationSeries-I_Y_T_W_OFormation_242-1.jpg,ProneScapular(Shoulder)StabilizationSeries-I_Y_T_W_OFormation_242-2.jpg,False,False,True,False,False,False,False,False,False,True,False,False,False,False,False,False,False,False,False,False,True,False,False,False,False,False,False
Sprinter Pulls,['Full Body/Integrated'],Intermediate,['No Equipment'],SprinterPulls_242-1.jpg,SprinterPulls_242-2.jpg,False,False,False,False,False,True,False,False,False,False,False,False,False,False,False,False,False,False,False,False,True,False,False,False,False,False,False
Plank with Knee Drag,"['Butt/Hips', 'Legs - Thighs']",Intermediate,['No Equipment'],PlankwithKneeDrag_242-1.jpg,PlankwithKneeDrag_242-2.jpg,False,False,False,True,False,False,False,True,False,False,False,False,False,False,False,False,False,False,False,False,True,False,False,False,False,False,False
CKC Parascapular Exercises,"['Chest', 'Shoulders']",Intermediate,['No Equipment'],CKCParascapularExercises_242-1.jpg,CKCParascapularExercises_242-2.jpg,False,False,False,False,True,False,False,False,False,True,False,False,False,False,False,False,False,False,False,False,True,False,False,False,False,False,False
Partner Standing Row with Resistance Tubing ,"['Arms', 'Back', 'Butt/Hips']",Intermediate,['Resistance Bands/Cables'],PartnerStandingRowwithResistanceTubing_242-1.jpg,PartnerStandingRowwithResistanceTubing_242-2.jpg,False,True,True,True,False,False,False,False,False,False,False,False,False,False,False,False,False,False,False,False,False,False,False,True,False,False,False
Squat,['Butt/Hips'],Intermediate,['Medicine Ball'],Squat_242-1.jpg,Squat_242-2.jpg,False,False,False,True,False,False,False,False,False,False,False,False,False,False,False,False,False,False,False,True,False,False,False,False,False,False,False
High-low Partner See-saw,['Full Body/Integrated'],Intermediate,['Resistance Bands/Cables'],High-lowPartnerSee-saw_242-1.jpg,High-lowPartnerSee-saw_242-2.jpg,False,False,False,False,False,True,False,False,False,False,False,False,False,False,False,False,False,False,False,False,False,False,False,True,False,False,False
Supine Shoulder Roll,"['Abs', 'Butt/Hips']",Intermediate,['Stability Ball'],SupineShoulderRoll_242-1.jpg,SupineShoulderRoll_242-2.jpg,True,False,False,True,False,False,False,False,False,False,False,False,False,False,False,False,False,False,False,False,False,False,False,False,True,False,False
Side Plank,['Abs'],Intermediate,['BOSU Trainer'],SidePlank_242-1.jpg,SidePlank_242-2.jpg,True,False,False,False,False,False,False,False,False,False,True,False,False,False,False,False,False,False,False,False,False,False,False,False,False,False,False
V-twist,['Abs'],Intermediate,['BOSU Trainer'],V-twist_305-1.jpg,V-twist_305-2.jpg,True,False,False,False,False,False,False,False,False,False,True,False,False,False,False,False,False,False,False,False,False,False,False,False,False,False,False
Toe Taps,['Full Body/Integrated'],Intermediate,['BOSU Trainer'],ToeTaps_305-1.jpg,ToeTaps_305-2.jpg,False,False,False,False,False,True,False,False,False,False,True,False,False,False,False,False,False,False,False,False,False,False,False,False,False,False,False
Reverse Bicep Curl,['Arms'],Intermediate,['Barbell'],ReverseBicepCurl_305-1.jpg,ReverseBicepCurl_305-2.jpg,False,True,False,False,False,False,False,False,False,False,False,True,False,False,False,False,False,False,False,False,False,False,False,False,False,False,False
Close-grip Bench Press,"['Arms', 'Chest']",Intermediate,['Barbell'],Close-gripBenchPress_305-1.jpg,Close-gripBenchPress_305-2.jpg,False,True,False,False,True,False,False,False,False,False,False,True,False,False,False,False,False,False,False,False,False,False,False,False,False,False,False
Romanian Deadlift,"['Back', 'Butt/Hips', 'Legs - Thighs']",Intermediate,['Barbell'],RomanianDeadlift_305-1.jpg,RomanianDeadlift_305-2.jpg,False,False,True,True,False,False,False,True,False,False,False,True,False,False,False,False,False,False,False,False,False,False,False,False,False,False,False
Hip Bridge,['Butt/Hips'],Intermediate,['Barbell'],HipBridge_305-1.jpg,HipBridge_305-2.jpg,False,False,False,True,False,False,False,False,False,False,False,True,False,False,False,False,False,False,False,False,False,False,False,False,False,False,False
Reverse Lunge,"['Butt/Hips', 'Legs - Thighs']",Intermediate,['Barbell'],ReverseLunge_305-1.jpg,ReverseLunge_305-2.jpg,False,False,False,True,False,False,False,True,False,False,False,True,False,False,False,False,False,False,False,False,False,False,False,False,False,False,False
Plank-ups,"['Abs', 'Arms', 'Chest']",Intermediate,['No Equipment'],Plank-ups_305-1.jpg,Plank-ups_305-2.jpg,True,True,False,False,True,False,False,False,False,False,False,False,False,False,False,False,False,False,False,False,True,False,False,False,False,False,False
Single Arm Plank,['Abs'],Intermediate,['No Equipment'],SingleArmPlank_305-1.jpg,SingleArmPlank_305-2.jpg,True,False,False,False,False,False,False,False,False,False,False,False,False,False,False,False,False,False,False,False,True,False,False,False,False,False,False
Lateral Crawls,['Full Body/Integrated'],Intermediate,['No Equipment'],LateralCrawls_305-1.jpg,LateralCrawls_305-2.jpg,False,False,False,False,False,True,False,False,False,False,False,False,False,False,False,False,False,False,False,False,True,False,False,False,False,False,False
Standing Anti-rotation Press,"['Abs', 'Arms', 'Chest']",Intermediate,['Resistance Bands/Cables'],StandingAnti-rotationPress_305-1.jpg,StandingAnti-rotationPress_305-2.jpg,True,True,False,False,True,False,False,False,False,False,False,False,False,False,False,False,False,False,False,False,False,False,False,True,False,False,False
Straight Arm Pressdown,['Back'],Intermediate,['Resistance Bands/Cables'],StraightArmPressdown_305-1.jpg,StraightArmPressdown_305-2.jpg,False,False,True,False,False,False,False,False,False,False,False,False,False,False,False,False,False,False,False,False,False,False,False,True,False,False,False
Standing Row,['Back'],Intermediate,['Resistance Bands/Cables'],StandingRow_335-1.jpg,StandingRow_335-2.jpg,False,False,True,False,False,False,False,False,False,False,False,False,False,False,False,False,False,False,False,False,False,False,False,True,False,False,False
High Row,['Back'],Intermediate,['Resistance Bands/Cables'],HighRow_335-1.jpg,HighRow_335-2.jpg,False,False,True,False,False,False,False,False,False,False,False,False,False,False,False,False,False,False,False,False,False,False,False,True,False,False,False
Single Arm Row,['Back'],Intermediate,['Resistance Bands/Cables'],SingleArmRow_335-1.jpg,SingleArmRow_335-2.jpg,False,False,True,False,False,False,False,False,False,False,False,False,False,False,False,False,False,False,False,False,False,False,False,True,False,False,False
Single-arm Chest Press,['Chest'],Intermediate,['Resistance Bands/Cables'],Single-armChestPress_335-1.jpg,Single-armChestPress_335-2.jpg,False,False,False,False,True,False,False,False,False,False,False,False,False,False,False,False,False,False,False,False,False,False,False,True,False,False,False
Kneeling Hay Baler,['Full Body/Integrated'],Intermediate,['Resistance Bands/Cables'],KneelingHayBaler_335-1.jpg,KneelingHayBaler_335-2.jpg,False,False,False,False,False,True,False,False,False,False,False,False,False,False,False,False,False,False,False,False,False,False,False,True,False,False,False
Squat to Row,['Full Body/Integrated'],Intermediate,['Resistance Bands/Cables'],SquattoRow_335-1.jpg,SquattoRow_335-2.jpg,False,False,False,False,False,True,False,False,False,False,False,False,False,False,False,False,False,False,False,False,False,False,False,True,False,False,False
Reverse Fly,"['Back', 'Shoulders']",Intermediate,['Resistance Bands/Cables'],ReverseFly_335-1.jpg,ReverseFly_335-2.jpg,False,False,True,False,False,False,False,False,False,True,False,False,False,False,False,False,False,False,False,False,False,False,False,True,False,False,False
Suitcase Carry,['Full Body/Integrated'],Intermediate,['Dumbbells'],SuitcaseCarry_335-1.jpg,SuitcaseCarry_335-2.jpg,False,False,False,False,False,True,False,False,False,False,False,False,False,False,True,False,False,False,False,False,False,False,False,False,False,False,False
Farmer's Carry,['Full Body/Integrated'],Intermediate,['Dumbbells'],Farmer_sCarry_335-1.jpg,Farmer_sCarry_335-2.jpg,False,False,False,False,False,True,False,False,False,False,False,False,False,False,True,False,False,False,False,False,False,False,False,False,False,False,False
Squat to Overhead Raise,"['Abs', 'Full Body/Integrated', 'Legs - Thighs', 'Shoulders']",Intermediate,['Dumbbells'],SquattoOverheadRaise_335-1.jpg,SquattoOverheadRaise_335-2.jpg,True,False,False,False,False,True,False,True,False,True,False,False,False,False,True,False,False,False,False,False,False,False,False,False,False,False,False
Goblet Squat,"['Butt/Hips', 'Legs - Thighs']",Intermediate,['Dumbbells'],GobletSquat_335-1.jpg,GobletSquat_335-2.jpg,False,False,False,True,False,False,False,True,False,False,False,False,False,False,True,False,False,False,False,False,False,False,False,False,False,False,False
Lunge,"['Butt/Hips', 'Legs - Thighs']",Intermediate,['Dumbbells'],Lunge_335-1.jpg,Lunge_335-2.jpg,False,False,False,True,False,False,False,True,False,False,False,False,False,False,True,False,False,False,False,False,False,False,False,False,False,False,False
Lateral Lunge,"['Butt/Hips', 'Legs - Thighs']",Intermediate,['Dumbbells'],LateralLunge_364-1.jpg,LateralLunge_364-2.jpg,False,False,False,True,False,False,False,True,False,False,False,False,False,False,True,False,False,False,False,False,False,False,False,False,False,False,False
Elevated Glute Bridge,['Butt/Hips'],Intermediate,"['Bench', 'Dumbbells']",ElevatedGluteBridge_364-1.jpg,ElevatedGluteBridge_364-2.jpg,False,False,False,True,False,False,False,False,False,False,False,False,True,False,True,False,False,False,False,False,False,False,False,False,False,False,False
Rotational Uppercut,"['Arms', 'Full Body/Integrated', 'Shoulders']",Intermediate,['Dumbbells'],RotationalUppercut_364-1.jpg,RotationalUppercut_364-2.jpg,False,True,False,False,False,True,False,False,False,True,False,False,False,False,True,False,False,False,False,False,False,False,False,False,False,False,False
Diagonal Raise,['Shoulders'],Intermediate,['Dumbbells'],DiagonalRaise_364-1.jpg,DiagonalRaise_364-2.jpg,False,False,False,False,False,False,False,False,False,True,False,False,False,False,True,False,False,False,False,False,False,False,False,False,False,False,False
Pull-over Crunch,['Abs'],Intermediate,['Kettlebells'],Pull-overCrunch_364-1.jpg,Pull-overCrunch_364-2.jpg,True,False,False,False,False,False,False,False,False,False,False,False,False,False,False,False,False,True,False,False,False,False,False,False,False,False,False
Half Turkish Get-up,['Full Body/Integrated'],Intermediate,['Kettlebells'],HalfTurkishGet-up_364-1.jpg,HalfTurkishGet-up_364-2.jpg,False,False,False,False,False,True,False,False,False,False,False,False,False,False,False,False,False,True,False,False,False,False,False,False,False,False,False
Figure Eight,['Full Body/Integrated'],Intermediate,['Kettlebells'],FigureEight_364-1.jpg,FigureEight_364-2.jpg,False,False,False,False,False,True,False,False,False,False,False,False,False,False,False,False,False,True,False,False,False,False,False,False,False,False,False
Suitcase Carry,['Full Body/Integrated'],Intermediate,['Kettlebells'],SuitcaseCarry_364-1.jpg,SuitcaseCarry_364-2.jpg,False,False,False,False,False,True,False,False,False,False,False,False,False,False,False,False,False,True,False,False,False,False,False,False,False,False,False
Swing,['Full Body/Integrated'],Intermediate,['Kettlebells'],Swing_364-1.jpg,Swing_364-2.jpg,False,False,False,False,False,True,False,False,False,False,False,False,False,False,False,False,False,True,False,False,False,False,False,False,False,False,False
Single Arm Overhead Press,"['Full Body/Integrated', 'Shoulders']",Intermediate,['Kettlebells'],SingleArmOverheadPress_364-1.jpg,SingleArmOverheadPress_364-2.jpg,False,False,False,False,False,True,False,False,False,True,False,False,False,False,False,False,False,True,False,False,False,False,False,False,False,False,False
Deadlift,['Full Body/Integrated'],Advanced,['Barbell'],Deadlift_6-1.jpg,Deadlift_6-2.jpg,False,False,False,False,False,True,False,False,False,False,False,True,False,False,False,False,False,False,False,False,False,False,False,False,False,False,False
Back Squat,"['Butt/Hips', 'Legs - Thighs']",Advanced,['Barbell'],BackSquat_6-1.jpg,BackSquat_6-2.jpg,False,False,False,True,False,False,False,True,False,False,False,True,False,False,False,False,False,False,False,False,False,False,False,False,False,False,False
Bent-over Row,"['Arms', 'Back', 'Shoulders']",Advanced,['Barbell'],Bent-overRow_6-1.jpg,Bent-overRow_6-2.jpg,False,True,True,False,False,False,False,False,False,True,False,True,False,False,False,False,False,False,False,False,False,False,False,False,False,False,False
Push Press,['Full Body/Integrated'],Advanced,['Barbell'],PushPress_6-1.jpg,PushPress_6-2.jpg,False,False,False,False,False,True,False,False,False,False,False,True,False,False,False,False,False,False,False,False,False,False,False,False,False,False,False
Medicine Ball Push-ups,"['Abs', 'Chest', 'Shoulders']",Advanced,['Medicine Ball'],MedicineBallPush-ups_6-1.jpg,MedicineBallPush-ups_6-2.jpg,True,False,False,False,True,False,False,False,False,True,False,False,False,False,False,False,False,False,False,True,False,False,False,False,False,False,False
Push-up with Single-leg Raise,"['Arms', 'Butt/Hips', 'Chest', 'Full Body/Integrated', 'Shoulders']",Advanced,['No Equipment'],Push-upwithSingle-legRaise_6-1.jpg,Push-upwithSingle-legRaise_6-2.jpg,False,True,False,True,True,True,False,False,False,True,False,False,False,False,False,False,False,False,False,False,True,False,False,False,False,False,False
Stability Ball Knee Tucks,"['Abs', 'Legs - Calves and Shins']",Advanced,['Stability Ball'],StabilityBallKneeTucks_6-1.jpg,StabilityBallKneeTucks_6-2.jpg,True,False,False,False,False,False,True,False,False,False,False,False,False,False,False,False,False,False,False,False,False,False,False,False,True,False,False
Stability Ball Pikes,"['Abs', 'Shoulders']",Advanced,['Stability Ball'],StabilityBallPikes_6-1.jpg,StabilityBallPikes_6-2.jpg,True,False,False,False,False,False,False,False,False,True,False,False,False,False,False,False,False,False,False,False,False,False,False,False,True,False,False
Stability Ball Reverse Extensions,"['Back', 'Butt/Hips']",Advanced,['Stability Ball'],StabilityBallReverseExtensions_6-1.jpg,StabilityBallReverseExtensions_6-2.jpg,False,False,True,True,False,False,False,False,False,False,False,False,False,False,False,False,False,False,False,False,False,False,False,False,True,False,False
Russian Twist,"['Abs', 'Butt/Hips', 'Legs - Thighs']",Advanced,['Stability Ball'],RussianTwist_6-1.jpg,RussianTwist_6-2.jpg,True,False,False,True,False,False,False,True,False,False,False,False,False,False,False,False,False,False,False,False,False,False,False,False,True,False,False
Standing Shoulder Press,"['Arms', 'Shoulders']",Advanced,['Barbell'],StandingShoulderPress_6-1.jpg,StandingShoulderPress_6-2.jpg,False,True,False,False,False,False,False,False,False,True,False,True,False,False,False,False,False,False,False,False,False,False,False,False,False,False,False
TRX ® Atomic Push-up,"['Abs', 'Arms', 'Chest', 'Shoulders']",Advanced,['TRX'],TRX®AtomicPush-up_6-1.jpg,TRX®AtomicPush-up_6-2.jpg,True,True,False,False,True,False,False,False,False,True,False,False,False,False,False,False,False,False,False,False,False,False,False,False,False,True,False
TRX ® Biceps Curl,"['Abs', 'Arms']",Advanced,['TRX'],TRX®BicepsCurl_78-1.jpg,TRX®BicepsCurl_78-2.jpg,True,True,False,False,False,False,False,False,False,False,False,False,False,False,False,False,False,False,False,False,False,False,False,False,False,True,False
TRX ® Front Rollout,['Abs'],Advanced,['TRX'],TRX®FrontRollout_78-1.jpg,TRX®FrontRollout_78-2.jpg,True,False,False,False,False,False,False,False,False,False,False,False,False,False,False,False,False,False,False,False,False,False,False,False,False,True,False
TRX ® Overhead Triceps Extension,['Arms'],Advanced,['TRX'],TRX®OverheadTricepsExtension_78-1.jpg,TRX®OverheadTricepsExtension_78-2.jpg,False,True,False,False,False,False,False,False,False,False,False,False,False,False,False,False,False,False,False,False,False,False,False,False,False,True,False
TRX ® Side-straddle Golf Swings ,"['Back', 'Chest', 'Shoulders']",Advanced,['TRX'],TRX®Side-straddleGolfSwings_78-1.jpg,TRX®Side-straddleGolfSwings_78-2.jpg,False,False,True,False,True,False,False,False,False,True,False,False,False,False,False,False,False,False,False,False,False,False,False,False,False,True,False
TRX ® Back Row,"['Abs', 'Arms', 'Back']",Advanced,['TRX'],TRX®BackRow_78-1.jpg,TRX®BackRow_78-2.jpg,True,True,True,False,False,False,False,False,False,False,False,False,False,False,False,False,False,False,False,False,False,False,False,False,False,True,False
TRX ® Chest Press,"['Abs', 'Arms', 'Chest']",Advanced,['TRX'],TRX®ChestPress_78-1.jpg,TRX®ChestPress_78-2.jpg,True,True,False,False,True,False,False,False,False,False,False,False,False,False,False,False,False,False,False,False,False,False,False,False,False,True,False
TRX ® Hamstrings Curl ,"['Butt/Hips', 'Legs - Thighs']",Advanced,['TRX'],TRX®HamstringsCurl_78-1.jpg,TRX®HamstringsCurl_78-2.jpg,False,False,False,True,False,False,False,True,False,False,False,False,False,False,False,False,False,False,False,False,False,False,False,False,False,True,False
TRX ® Suspended Knee Tucks,"['Abs', 'Chest']",Advanced,['TRX'],TRX®SuspendedKneeTucks_78-1.jpg,TRX®SuspendedKneeTucks_78-2.jpg,True,False,False,False,True,False,False,False,False,False,False,False,False,False,False,False,False,False,False,False,False,False,False,False,False,True,False
TRX ® Suspended Pike,"['Abs', 'Shoulders']",Advanced,['TRX'],TRX®SuspendedPike_78-1.jpg,TRX®SuspendedPike_78-2.jpg,True,False,False,False,False,False,False,False,False,True,False,False,False,False,False,False,False,False,False,False,False,False,False,False,False,True,False
TRX ® Suspended Push-up,"['Arms', 'Chest', 'Shoulders']",Advanced,['TRX'],TRX®SuspendedPush-up_78-1.jpg,TRX®SuspendedPush-up_78-2.jpg,False,True,False,False,True,False,False,False,False,True,False,False,False,False,False,False,False,False,False,False,False,False,False,False,False,True,False
TRX ® Hip Press,"['Back', 'Butt/Hips', 'Legs - Thighs']",Advanced,['TRX'],TRX®HipPress_78-1.jpg,TRX®HipPress_78-2.jpg,False,False,True,True,False,False,False,True,False,False,False,False,False,False,False,False,False,False,False,False,False,False,False,False,False,True,False
TRX ® Single-arm Chest Press,"['Abs', 'Arms', 'Chest']",Advanced,['TRX'],TRX®Single-armChestPress_78-1.jpg,TRX®Single-armChestPress_78-2.jpg,True,True,False,False,True,False,False,False,False,False,False,False,False,False,False,False,False,False,False,False,False,False,False,False,False,True,False
TRX ® Single-arm Row,"['Abs', 'Arms', 'Back']",Advanced,['TRX'],TRX®Single-armRow_92-1.jpg,TRX®Single-armRow_92-2.jpg,True,True,True,False,False,False,False,False,False,False,False,False,False,False,False,False,False,False,False,False,False,False,False,False,False,True,False
TRX ® Suspended Lunge,"['Abs', 'Butt/Hips', 'Legs - Thighs']",Advanced,['TRX'],TRX®SuspendedLunge_92-1.jpg,TRX®SuspendedLunge_92-2.jpg,True,False,False,True,False,False,False,True,False,False,False,False,False,False,False,False,False,False,False,False,False,False,False,False,False,True,False
Forward Lunge with Arm Drivers,"['Abs', 'Butt/Hips', 'Legs - Thighs']",Advanced,['No Equipment'],ForwardLungewithArmDrivers_92-1.jpg,ForwardLungewithArmDrivers_92-2.jpg,True,False,False,True,False,False,False,True,False,False,False,False,False,False,False,False,False,False,False,False,True,False,False,False,False,False,False
Glute Activation Lunges,"['Abs', 'Butt/Hips', 'Legs - Thighs']",Advanced,['No Equipment'],GluteActivationLunges_92-1.jpg,GluteActivationLunges_92-2.jpg,True,False,False,True,False,False,False,True,False,False,False,False,False,False,False,False,False,False,False,False,True,False,False,False,False,False,False
Side Plank (Modified),"['Abs', 'Butt/Hips']",Advanced,['No Equipment'],SidePlank(Modified)_92-1.jpg,SidePlank(Modified)_92-2.jpg,True,False,False,True,False,False,False,False,False,False,False,False,False,False,False,False,False,False,False,False,True,False,False,False,False,False,False
Standing Hay Baler,['Abs'],Advanced,['Medicine Ball'],StandingHayBaler_92-1.jpg,StandingHayBaler_92-2.jpg,True,False,False,False,False,False,False,False,False,False,False,False,False,False,False,False,False,False,False,True,False,False,False,False,False,False,False
Standing Single-leg Cable Rotation,['Abs'],Advanced,['Resistance Bands/Cables'],StandingSingle-legCableRotation_92-1.jpg,StandingSingle-legCableRotation_92-2.jpg,True,False,False,False,False,False,False,False,False,False,False,False,False,False,False,False,False,False,False,False,False,False,False,True,False,False,False
Standing Wood Chop,['Abs'],Advanced,['Medicine Ball'],StandingWoodChop_92-1.jpg,StandingWoodChop_92-2.jpg,True,False,False,False,False,False,False,False,False,False,False,False,False,False,False,False,False,False,False,True,False,False,False,False,False,False,False
Single-leg Stand with Reaches,['Abs'],Advanced,['Medicine Ball'],Single-legStandwithReaches_92-1.jpg,Single-legStandwithReaches_92-2.jpg,True,False,False,False,False,False,False,False,False,False,False,False,False,False,False,False,False,False,False,True,False,False,False,False,False,False,False
BOSU® Lateral Jumps,"['Abs', 'Butt/Hips', 'Legs - Thighs']",Advanced,['BOSU Trainer'],BOSU®LateralJumps_92-1.jpg,BOSU®LateralJumps_92-2.jpg,True,False,False,True,False,False,False,True,False,False,True,False,False,False,False,False,False,False,False,False,False,False,False,False,False,False,False
Power Clean,['Full Body/Integrated'],Advanced,['Barbell'],PowerClean_92-1.jpg,PowerClean_92-2.jpg,False,False,False,False,False,True,False,False,False,False,False,True,False,False,False,False,False,False,False,False,False,False,False,False,False,False,False
"Single-arm, Single-leg Romanian Dead Lift ","['Back', 'Butt/Hips']",Advanced,['Dumbbells'],Single-arm_Single-legRomanianDeadLift_92-1.jpg,Single-arm_Single-legRomanianDeadLift_92-2.jpg,False,False,True,True,False,False,False,False,False,False,False,False,False,False,True,False,False,False,False,False,False,False,False,False,False,False,False
Single-arm Medicine Ball Push-up,"['Abs', 'Arms', 'Chest', 'Shoulders']",Advanced,['Medicine Ball'],Single-armMedicineBallPush-up_134-1.jpg,Single-armMedicineBallPush-up_134-2.jpg,True,True,False,False,True,False,False,False,False,True,False,False,False,False,False,False,False,False,False,True,False,False,False,False,False,False,False
Lunge with Overhead Press,"['Abs', 'Butt/Hips', 'Full Body/Integrated', 'Legs - Thighs', 'Shoulders']",Advanced,['Medicine Ball'],LungewithOverheadPress_134-1.jpg,LungewithOverheadPress_134-2.jpg,True,False,False,True,False,True,False,True,False,True,False,False,False,False,False,False,False,False,False,True,False,False,False,False,False,False,False
Inverted Flyers,"['Abs', 'Butt/Hips', 'Full Body/Integrated', 'Legs - Thighs']",Advanced,['No Equipment'],InvertedFlyers_134-1.jpg,InvertedFlyers_134-2.jpg,True,False,False,True,False,True,False,True,False,False,False,False,False,False,False,False,False,False,False,False,True,False,False,False,False,False,False
Agility Ladder: Lateral Shuffle,"['Butt/Hips', 'Full Body/Integrated', 'Legs - Calves and Shins', 'Legs - Thighs']",Advanced,['Ladder'],AgilityLadder:LateralShuffle_134-1.jpg,AgilityLadder:LateralShuffle_134-2.jpg,False,False,False,True,False,True,True,True,False,False,False,False,False,False,False,False,False,False,True,False,False,False,False,False,False,False,False
T Drill ,['Full Body/Integrated'],Advanced,['Cones'],TDrill_134-1.jpg,TDrill_134-2.jpg,False,False,False,False,False,True,False,False,False,False,False,False,False,True,False,False,False,False,False,False,False,False,False,False,False,False,False
Multidirectional Ladder Drill,['Full Body/Integrated'],Advanced,['Ladder'],MultidirectionalLadderDrill_134-1.jpg,MultidirectionalLadderDrill_134-2.jpg,False,False,False,False,False,True,False,False,False,False,False,False,False,False,False,False,False,False,True,False,False,False,False,False,False,False,False
Hexagon Drill,"['Abs', 'Butt/Hips', 'Full Body/Integrated', 'Legs - Thighs']",Advanced,['Cones'],HexagonDrill_134-1.jpg,HexagonDrill_134-2.jpg,True,False,False,True,False,True,False,True,False,False,False,False,False,True,False,False,False,False,False,False,False,False,False,False,False,False,False
Spinal Twist with a Push-Pull Movement,"['Back', 'Chest', 'Shoulders']",Advanced,['No Equipment'],SpinalTwistwithaPush-PullMovement_134-1.jpg,SpinalTwistwithaPush-PullMovement_134-2.jpg,False,False,True,False,True,False,False,False,False,True,False,False,False,False,False,False,False,False,False,False,True,False,False,False,False,False,False
Side-lying Arm Rolls,"['Abs', 'Shoulders']",Advanced,"['Dumbbells', 'No Equipment']",Side-lyingArmRolls_134-1.jpg,Side-lyingArmRolls_134-2.jpg,True,False,False,False,False,False,False,False,False,True,False,False,False,False,True,False,False,False,False,False,True,False,False,False,False,False,False
Barbell Jammers,"['Abs', 'Butt/Hips', 'Full Body/Integrated', 'Legs - Calves and Shins', 'Legs - Thighs', 'Shoulders']",Advanced,['Barbell'],BarbellJammers_134-1.jpg,BarbellJammers_134-2.jpg,True,False,False,True,False,True,True,True,False,True,False,True,False,False,False,False,False,False,False,False,False,False,False,False,False,False,False
Alternate Leg Push-off ,"['Butt/Hips', 'Legs - Calves and Shins', 'Legs - Thighs']",Advanced,['Raised Platform/Box'],AlternateLegPush-off_134-1.jpg,AlternateLegPush-off_134-2.jpg,False,False,False,True,False,False,True,True,False,False,False,False,False,False,False,False,False,False,False,False,False,False,True,False,False,False,False
Inchworms,"['Abs', 'Arms', 'Back', 'Chest', 'Full Body/Integrated', 'Shoulders']",Advanced,['No Equipment'],Inchworms_134-1.jpg,Inchworms_134-2.jpg,True,True,True,False,True,True,False,False,False,True,False,False,False,False,False,False,False,False,False,False,True,False,False,False,False,False,False
Mountain Climbers,"['Butt/Hips', 'Full Body/Integrated', 'Legs - Thighs']",Advanced,['No Equipment'],MountainClimbers_258-1.jpg,MountainClimbers_258-2.jpg,False,False,False,True,False,True,False,True,False,False,False,False,False,False,False,False,False,False,False,False,True,False,False,False,False,False,False
Medicine Ball Lunge to Chest Pass,"['Abs', 'Back', 'Butt/Hips', 'Chest', 'Full Body/Integrated', 'Shoulders']",Advanced,['Medicine Ball'],MedicineBallLungetoChestPass_258-1.jpg,MedicineBallLungetoChestPass_258-2.jpg,True,False,True,True,True,True,False,False,False,True,False,False,False,False,False,False,False,False,False,True,False,False,False,False,False,False,False
Lateral Zig Zags,"['Legs - Calves and Shins', 'Legs - Thighs']",Advanced,['Cones'],LateralZigZags_258-1.jpg,LateralZigZags_258-2.jpg,False,False,False,False,False,False,True,True,False,False,False,False,False,True,False,False,False,False,False,False,False,False,False,False,False,False,False
Power Push Down,"['Arms', 'Chest']",Advanced,['Medicine Ball'],PowerPushDown_258-1.jpg,PowerPushDown_258-2.jpg,False,True,False,False,True,False,False,False,False,False,False,False,False,False,False,False,False,False,False,True,False,False,False,False,False,False,False
Rotational Slam,['Full Body/Integrated'],Advanced,['Medicine Ball'],RotationalSlam_258-1.jpg,RotationalSlam_258-2.jpg,False,False,False,False,False,True,False,False,False,False,False,False,False,False,False,False,False,False,False,True,False,False,False,False,False,False,False
Supine Suitcase Pass,['Abs'],Advanced,['Stability Ball'],SupineSuitcasePass_258-1.jpg,SupineSuitcasePass_258-2.jpg,True,False,False,False,False,False,False,False,False,False,False,False,False,False,False,False,False,False,False,False,False,False,False,False,True,False,False
Prone Runner,['Full Body/Integrated'],Advanced,['Stability Ball'],ProneRunner_258-1.jpg,ProneRunner_258-2.jpg,False,False,False,False,False,True,False,False,False,False,False,False,False,False,False,False,False,False,False,False,False,False,False,False,True,False,False
Prone ABC's,['Abs'],Advanced,['Stability Ball'],ProneABC_s_258-1.jpg,ProneABC_s_258-2.jpg,True,False,False,False,False,False,False,False,False,False,False,False,False,False,False,False,False,False,False,False,False,False,False,False,True,False,False
Single Leg Hamstring Curl,"['Butt/Hips', 'Legs - Thighs']",Advanced,['Stability Ball'],SingleLegHamstringCurl_258-1.jpg,SingleLegHamstringCurl_258-2.jpg,False,False,False,True,False,False,False,True,False,False,False,False,False,False,False,False,False,False,False,False,False,False,False,False,True,False,False
Burpee,['Full Body/Integrated'],Advanced,['BOSU Trainer'],Burpee_258-1.jpg,Burpee_258-2.jpg,False,False,False,False,False,True,False,False,False,False,True,False,False,False,False,False,False,False,False,False,False,False,False,False,False,False,False
Pistol Squat Workout,['Butt/Hips'],Advanced,['BOSU Trainer'],PistolSquatWorkout_258-1.jpg,PistolSquatWorkout_258-2.jpg,False,False,False,True,False,False,False,False,False,False,True,False,False,False,False,False,False,False,False,False,False,False,False,False,False,False,False
Roll Out,['Abs'],Advanced,['Barbell'],RollOut_258-1.jpg,RollOut_258-2.jpg,True,False,False,False,False,False,False,False,False,False,False,True,False,False,False,False,False,False,False,False,False,False,False,False,False,False,False
Hang Clean,['Full Body/Integrated'],Advanced,['Barbell'],HangClean_312-1.jpg,HangClean_312-2.jpg,False,False,False,False,False,True,False,False,False,False,False,True,False,False,False,False,False,False,False,False,False,False,False,False,False,False,False
Push Jerk,['Full Body/Integrated'],Advanced,['Barbell'],PushJerk_312-1.jpg,PushJerk_312-2.jpg,False,False,False,False,False,True,False,False,False,False,False,True,False,False,False,False,False,False,False,False,False,False,False,False,False,False,False
Snatch,['Full Body/Integrated'],Advanced,['Barbell'],Snatch_312-1.jpg,Snatch_312-2.jpg,False,False,False,False,False,True,False,False,False,False,False,True,False,False,False,False,False,False,False,False,False,False,False,False,False,False,False
Front Squat to Overhead Press,['Full Body/Integrated'],Advanced,['Barbell'],FrontSquattoOverheadPress_312-1.jpg,FrontSquattoOverheadPress_312-2.jpg,False,False,False,False,False,True,False,False,False,False,False,True,False,False,False,False,False,False,False,False,False,False,False,False,False,False,False
"Single Arm, Single Leg Plank",['Full Body/Integrated'],Advanced,['No Equipment'],SingleArm_SingleLegPlank_312-1.jpg,SingleArm_SingleLegPlank_312-2.jpg,False,False,False,False,False,True,False,False,False,False,False,False,False,False,False,False,False,False,False,False,True,False,False,False,False,False,False
Push-up with Staggered Hands,"['Arms', 'Chest']",Advanced,['No Equipment'],Push-upwithStaggeredHands_312-1.jpg,Push-upwithStaggeredHands_312-2.jpg,False,True,False,False,True,False,False,False,False,False,False,False,False,False,False,False,False,False,False,False,True,False,False,False,False,False,False
Single-leg Romanian Deadlift,['Butt/Hips'],Advanced,['No Equipment'],Single-legRomanianDeadlift_312-1.jpg,Single-legRomanianDeadlift_312-2.jpg,False,False,False,True,False,False,False,False,False,False,False,False,False,False,False,False,False,False,False,False,True,False,False,False,False,False,False
High Plank T-spine Rotation,"['Abs', 'Shoulders']",Advanced,['No Equipment'],HighPlankT-spineRotation_312-1.jpg,HighPlankT-spineRotation_312-2.jpg,True,False,False,False,False,False,False,False,False,True,False,False,False,False,False,False,False,False,False,False,True,False,False,False,False,False,False
Single-arm Rotational Press,['Chest'],Advanced,['Resistance Bands/Cables'],Single-armRotationalPress_312-1.jpg,Single-armRotationalPress_312-2.jpg,False,False,False,False,True,False,False,False,False,False,False,False,False,False,False,False,False,False,False,False,False,False,False,True,False,False,False
Kneeling Wood Chop,['Full Body/Integrated'],Advanced,['Resistance Bands/Cables'],KneelingWoodChop_312-1.jpg,KneelingWoodChop_312-2.jpg,False,False,False,False,False,True,False,False,False,False,False,False,False,False,False,False,False,False,False,False,False,False,False,True,False,False,False
Pull to Press,['Full Body/Integrated'],Advanced,['Resistance Bands/Cables'],PulltoPress_312-1.jpg,PulltoPress_312-2.jpg,False,False,False,False,False,True,False,False,False,False,False,False,False,False,False,False,False,False,False,False,False,False,False,True,False,False,False
Side Plank Row,['Full Body/Integrated'],Advanced,['Resistance Bands/Cables'],SidePlankRow_312-1.jpg,SidePlankRow_312-2.jpg,False,False,False,False,False,True,False,False,False,False,False,False,False,False,False,False,False,False,False,False,False,False,False,True,False,False,False
Lunge to Single Arm Row,['Full Body/Integrated'],Advanced,['Resistance Bands/Cables'],LungetoSingleArmRow_345-1.jpg,LungetoSingleArmRow_345-2.jpg,False,False,False,False,False,True,False,False,False,False,False,False,False,False,False,False,False,False,False,False,False,False,False,True,False,False,False
Transverse Lunge to Single Arm Row,['Full Body/Integrated'],Advanced,['Resistance Bands/Cables'],TransverseLungetoSingleArmRow_345-1.jpg,TransverseLungetoSingleArmRow_345-2.jpg,False,False,False,False,False,True,False,False,False,False,False,False,False,False,False,False,False,False,False,False,False,False,False,True,False,False,False
Lateral Lunge Wood Chop,['Full Body/Integrated'],Advanced,['Resistance Bands/Cables'],LateralLungeWoodChop_345-1.jpg,LateralLungeWoodChop_345-2.jpg,False,False,False,False,False,True,False,False,False,False,False,False,False,False,False,False,False,False,False,False,False,False,False,True,False,False,False
Standing Rotational Chop,['Full Body/Integrated'],Advanced,['Resistance Bands/Cables'],StandingRotationalChop_345-1.jpg,StandingRotationalChop_345-2.jpg,False,False,False,False,False,True,False,False,False,False,False,False,False,False,False,False,False,False,False,False,False,False,False,True,False,False,False
Single Leg Romanian Dead Lift,['Butt/Hips'],Advanced,['Resistance Bands/Cables'],SingleLegRomanianDeadLift_345-1.jpg,SingleLegRomanianDeadLift_345-2.jpg,False,False,False,True,False,False,False,False,False,False,False,False,False,False,False,False,False,False,False,False,False,False,False,True,False,False,False
Renegade Row,['Full Body/Integrated'],Advanced,['Dumbbells'],RenegadeRow_345-1.jpg,RenegadeRow_345-2.jpg,False,False,False,False,False,True,False,False,False,False,False,False,False,False,True,False,False,False,False,False,False,False,False,False,False,False,False
Offset Single-arm Chest Press,"['Chest', 'Full Body/Integrated']",Advanced,"['Bench', 'Dumbbells']",OffsetSingle-armChestPress_345-1.jpg,OffsetSingle-armChestPress_345-2.jpg,False,False,False,False,True,True,False,False,False,False,False,False,True,False,True,False,False,False,False,False,False,False,False,False,False,False,False
Squat to Overhead Press,['Full Body/Integrated'],Advanced,['Dumbbells'],SquattoOverheadPress_345-1.jpg,SquattoOverheadPress_345-2.jpg,False,False,False,False,False,True,False,False,False,False,False,False,False,False,True,False,False,False,False,False,False,False,False,False,False,False,False
Reverse Lunge with Rotation,"['Abs', 'Full Body/Integrated', 'Legs - Thighs']",Advanced,['Dumbbells'],ReverseLungewithRotation_345-1.jpg,ReverseLungewithRotation_345-2.jpg,True,False,False,False,False,True,False,True,False,False,False,False,False,False,True,False,False,False,False,False,False,False,False,False,False,False,False
Transverse Lunge,['Butt/Hips'],Advanced,['Dumbbells'],TransverseLunge_345-1.jpg,TransverseLunge_345-2.jpg,False,False,False,True,False,False,False,False,False,False,False,False,False,False,True,False,False,False,False,False,False,False,False,False,False,False,False
Bulgarian Split Squat,['Butt/Hips'],Advanced,"['Bench', 'Dumbbells']",BulgarianSplitSquat_345-1.jpg,BulgarianSplitSquat_345-2.jpg,False,False,False,True,False,False,False,False,False,False,False,False,True,False,True,False,False,False,False,False,False,False,False,False,False,False,False
Rotational Overhead Press,['Shoulders'],Advanced,['Dumbbells'],RotationalOverheadPress_345-1.jpg,RotationalOverheadPress_345-2.jpg,False,False,False,False,False,False,False,False,False,True,False,False,False,False,True,False,False,False,False,False,False,False,False,False,False,False,False
Simultaneous Waves,['Full Body/Integrated'],Advanced,['Heavy Ropes'],SimultaneousWaves_374-1.jpg,SimultaneousWaves_374-2.jpg,False,False,False,False,False,True,False,False,False,False,False,False,False,False,False,True,False,False,False,False,False,False,False,False,False,False,False
Simultaneous Wave with Reverse Lunges,['Full Body/Integrated'],Advanced,['Heavy Ropes'],SimultaneousWavewithReverseLunges_374-1.jpg,SimultaneousWavewithReverseLunges_374-2.jpg,False,False,False,False,False,True,False,False,False,False,False,False,False,False,False,True,False,False,False,False,False,False,False,False,False,False,False
Asynchronous Waves,['Full Body/Integrated'],Advanced,['Heavy Ropes'],AsynchronousWaves_374-1.jpg,AsynchronousWaves_374-2.jpg,False,False,False,False,False,True,False,False,False,False,False,False,False,False,False,True,False,False,False,False,False,False,False,False,False,False,False
Lateral Waves,['Full Body/Integrated'],Advanced,['Heavy Ropes'],LateralWaves_374-1.jpg,LateralWaves_374-2.jpg,False,False,False,False,False,True,False,False,False,False,False,False,False,False,False,True,False,False,False,False,False,False,False,False,False,False,False
Double Rotation Waves,['Full Body/Integrated'],Advanced,['Heavy Ropes'],DoubleRotationWaves_374-1.jpg,DoubleRotationWaves_374-2.jpg,False,False,False,False,False,True,False,False,False,False,False,False,False,False,False,True,False,False,False,False,False,False,False,False,False,False,False
Clean and Press,['Full Body/Integrated'],Advanced,['Kettlebells'],CleanandPress_374-1.jpg,CleanandPress_374-2.jpg,False,False,False,False,False,True,False,False,False,False,False,False,False,False,False,False,False,True,False,False,False,False,False,False,False,False,False
Double Push-press,['Full Body/Integrated'],Advanced,['Kettlebells'],DoublePush-press_374-1.jpg,DoublePush-press_374-2.jpg,False,False,False,False,False,True,False,False,False,False,False,False,False,False,False,False,False,True,False,False,False,False,False,False,False,False,False
Push-jerk,['Full Body/Integrated'],Advanced,['Kettlebells'],Push-jerk_374-1.jpg,Push-jerk_374-2.jpg,False,False,False,False,False,True,False,False,False,False,False,False,False,False,False,False,False,True,False,False,False,False,False,False,False,False,False
High Windmill,['Full Body/Integrated'],Advanced,['Kettlebells'],HighWindmill_374-1.jpg,HighWindmill_374-2.jpg,False,False,False,False,False,True,False,False,False,False,False,False,False,False,False,False,False,True,False,False,False,False,False,False,False,False,False
Low Windmill,['Full Body/Integrated'],Advanced,['Kettlebells'],LowWindmill_374-1.jpg,LowWindmill_374-2.jpg,False,False,False,False,False,True,False,False,False,False,False,False,False,False,False,False,False,True,False,False,False,False,False,False,False,False,False
Turkish Get-up,['Full Body/Integrated'],Advanced,['Kettlebells'],TurkishGet-up_374-1.jpg,TurkishGet-up_374-2.jpg,False,False,False,False,False,True,False,False,False,False,False,False,False,False,False,False,False,True,False,False,False,False,False,False,False,False,False
Waiter's Carry,['Full Body/Integrated'],Advanced,['Kettlebells'],Waiter_sCarry_374-1.jpg,Waiter_sCarry_374-2.jpg,False,False,False,False,False,True,False,False,False,False,False,False,False,False,False,False,False,True,False,False,False,False,False,False,False,False,False
Single Arm Swing,['Full Body/Integrated'],Advanced,['Kettlebells'],SingleArmSwing_392-1.jpg,SingleArmSwing_392-2.jpg,False,False,False,False,False,True,False,False,False,False,False,False,False,False,False,False,False,True,False,False,False,False,False,False,False,False,False
Single Arm Overhead Squat,"['Back', 'Full Body/Integrated', 'Legs - Thighs', 'Shoulders']",Advanced,['Kettlebells'],SingleArmOverheadSquat_392-1.jpg,SingleArmOverheadSquat_392-2.jpg,False,False,True,False,False,True,False,True,False,True,False,False,False,False,False,False,False,True,False,False,False,False,False,False,False,False,False
Halo,"['Back', 'Butt/Hips', 'Chest', 'Full Body/Integrated', 'Legs - Thighs', 'Shoulders']",Advanced,['Kettlebells'],Halo_392-1.jpg,Halo_392-2.jpg,False,False,True,True,True,True,False,True,False,True,False,False,False,False,False,False,False,True,False,False,False,False,False,False,False,False,False
Bottom-up Press,"['Chest', 'Full Body/Integrated', 'Shoulders']",Advanced,['Kettlebells'],Bottom-upPress_392-1.jpg,Bottom-upPress_392-2.jpg,False,False,False,False,True,True,False,False,False,True,False,False,False,False,False,False,False,True,False,False,False,False,False,False,False,False,False
